Booking_ID,Date,Time,Booking_Status,Customer_ID,Driver_ID,Vehicle_Type,Ride_Distance_km,Fare_Amount,Payment_Method
B1000,2024-01-07,16:20,Success,C138,D75,Bike,17.75,452.14,Card
B1001,2024-01-20,13:08,Success,C145,D197,Prime Sedan,3.31,83.59,UPI
B1002,2024-01-29,13:00,Success,C177,D103,Auto,13.06,458.48,UPI
B1003,2024-01-15,18:44,Success,C220,D107,Auto,12.06,498.45,UPI
B1004,2024-01-11,12:03,Success,C183,D64,Auto,3.25,365.19,Card
B1005,2024-01-08,0:48,Success,C41,D43,Mini,5.03,396.7,UPI
B1006,2024-01-29,7:31,Success,C68,D32,Mini,6.91,201.79,Cash
B1007,2024-01-21,1:27,Cancelled by Customer,C165,D192,Bike,4.17,473.71,UPI
B1008,2024-01-07,7:38,Cancelled by Customer,C44,D83,Auto,5.63,288.37,UPI
B1009,2024-01-26,1:53,Cancelled by Customer,C118,D97,Prime Sedan,6.08,379.57,Card
B1010,2024-01-19,21:02,Success,C244,D124,Bike,7.38,465.85,UPI
B1011,2024-01-23,17:11,Success,C71,D60,Prime Sedan,15.24,488.83,Cash
B1012,2024-01-11,0:53,Success,C214,D196,Bike,11.87,424.94,Card
B1013,2024-01-11,11:04,Success,C300,D155,Mini,19.74,186.36,Cash
B1014,2024-01-24,16:47,Success,C4,D6,Bike,8.88,484.95,Card
B1015,2024-01-21,14:22,Success,C56,D15,Mini,15.32,332.65,Card
B1016,2024-01-04,14:36,Success,C152,D189,Bike,17.56,468.79,UPI
B1017,2024-01-08,20:13,Cancelled by Driver,C200,D131,Auto,13.9,354.25,Cash
B1018,2024-01-24,1:10,Success,C41,D10,Prime Sedan,8.83,188.26,Card
B1019,2024-01-03,18:38,Success,C263,D54,Auto,15.32,216.51,UPI
B1020,2024-01-22,5:59,Success,C14,D87,Bike,4.87,297.71,Card
B1021,2024-01-21,1:37,Cancelled by Customer,C252,D67,Bike,7.22,405.51,Card
B1022,2024-01-02,17:33,Success,C79,D6,Bike,11.39,193.09,Card
B1023,2024-01-24,17:29,Success,C73,D196,Mini,11.93,310.88,Card
B1024,2024-01-12,14:26,Success,C64,D94,Prime Sedan,1.42,205.53,Card
B1025,2024-01-30,18:33,Success,C254,D165,Prime Sedan,18.96,417.1,Card
B1026,2024-01-06,19:56,Success,C109,D182,Bike,14.24,260.03,UPI
B1027,2024-01-02,5:32,Cancelled by Customer,C16,D107,Bike,10.42,84.53,Card
B1028,2024-01-28,23:14,Success,C95,D99,Mini,18.73,124.72,Cash
B1029,2024-01-21,22:41,Success,C19,D28,Auto,9.34,77.5,UPI
B1030,2024-01-01,18:16,Success,C168,D106,Auto,19.63,274.69,Cash
B1031,2024-01-12,4:28,Success,C196,D10,Prime Sedan,10.73,97.85,Card
B1032,2024-01-26,3:09,Success,C56,D137,Mini,3.17,101.36,Cash
B1033,2024-01-22,23:16,Success,C16,D157,Bike,15.53,473.47,Card
B1034,2024-01-29,9:16,Success,C257,D50,Prime Sedan,13.9,442.69,Card
B1035,2024-01-12,19:23,Success,C179,D108,Mini,15.69,253.44,UPI
B1036,2024-01-25,4:33,Success,C46,D131,Auto,19.08,493.61,UPI
B1037,2024-01-17,5:52,Success,C237,D113,Mini,15.75,50.08,Card
B1038,2024-01-27,1:12,Success,C39,D198,Auto,12.62,326.29,UPI
B1039,2024-01-27,10:42,Cancelled by Customer,C286,D90,Mini,17.29,327.39,Cash
B1040,2024-01-10,15:10,Success,C126,D164,Prime Sedan,13.79,255.85,UPI
B1041,2024-01-28,18:46,Success,C274,D42,Auto,8.75,228.63,UPI
B1042,2024-01-28,22:54,Cancelled by Customer,C215,D170,Prime Sedan,17.83,254.92,Cash
B1043,2024-01-16,15:30,Success,C50,D156,Prime Sedan,5.22,236.73,UPI
B1044,2024-01-15,10:53,Cancelled by Customer,C224,D124,Auto,14.58,378.72,Card
B1045,2024-01-30,15:07,Success,C147,D81,Auto,17.75,110.91,Cash
B1046,2024-01-30,3:39,Cancelled by Driver,C275,D13,Bike,14.9,138.94,Card
B1047,2024-01-15,3:55,Success,C283,D153,Bike,14.25,131.23,Cash
B1048,2024-01-30,2:31,Success,C84,D43,Bike,15.3,168.11,Card
B1049,2024-01-19,2:26,Success,C157,D123,Prime Sedan,9.84,286.37,Card
B1050,2024-01-12,17:57,Cancelled by Driver,C33,D127,Prime Sedan,17.61,100.04,UPI
B1051,2024-01-23,18:18,Cancelled by Customer,C274,D131,Bike,4.87,440.68,Card
B1052,2024-01-20,20:04,Success,C37,D179,Prime Sedan,3.42,183.81,UPI
B1053,2024-01-25,17:27,Success,C283,D197,Prime Sedan,6.42,123.14,Cash
B1054,2024-01-03,9:21,Cancelled by Driver,C281,D27,Auto,11.1,354.03,Card
B1055,2024-01-05,20:05,Success,C259,D24,Auto,10.7,67.14,Card
B1056,2024-01-19,0:04,Cancelled by Customer,C222,D39,Prime Sedan,16.59,328.99,Cash
B1057,2024-01-07,8:11,Cancelled by Customer,C238,D168,Bike,8.69,364.19,Cash
B1058,2024-01-21,13:33,Success,C201,D34,Mini,10.2,146.71,Card
B1059,2024-01-09,16:13,Success,C132,D62,Bike,1.25,68.88,Cash
B1060,2024-01-07,12:26,Success,C113,D153,Mini,8.79,213.64,UPI
B1061,2024-01-18,8:25,Success,C56,D88,Bike,13.31,94.37,Cash
B1062,2024-01-04,14:56,Cancelled by Customer,C261,D101,Auto,1.29,102.42,Cash
B1063,2024-01-25,21:46,Success,C68,D180,Prime Sedan,6.34,164.42,Card
B1064,2024-01-28,23:29,Cancelled by Customer,C293,D17,Prime Sedan,4.95,182.96,UPI
B1065,2024-01-14,10:47,Success,C218,D56,Auto,1.8,288.49,Cash
B1066,2024-01-18,16:25,Cancelled by Driver,C125,D139,Mini,10.11,355.28,UPI
B1067,2024-01-26,3:00,Success,C80,D37,Mini,4.45,316.75,UPI
B1068,2024-01-09,7:48,Success,C196,D179,Mini,15.12,116.76,UPI
B1069,2024-01-26,2:51,Success,C184,D48,Auto,17.11,127.44,Card
B1070,2024-01-21,14:46,Cancelled by Customer,C59,D128,Mini,11.37,445.45,Cash
B1071,2024-01-02,23:21,Success,C106,D26,Auto,19.65,301.26,Card
B1072,2024-01-20,13:25,Cancelled by Customer,C253,D39,Bike,9.56,441.47,Cash
B1073,2024-01-28,22:13,Success,C47,D154,Bike,10.75,217.2,Cash
B1074,2024-01-15,23:01,Success,C187,D116,Auto,19.8,326.48,Card
B1075,2024-01-28,12:25,Success,C284,D78,Prime Sedan,5.4,285.65,UPI
B1076,2024-01-07,13:58,Success,C246,D196,Bike,18.91,193.61,UPI
B1077,2024-01-12,23:50,Success,C236,D45,Mini,1.81,261.46,Cash
B1078,2024-01-29,6:02,Cancelled by Driver,C114,D143,Auto,9.48,276.12,Card
B1079,2024-01-08,14:22,Cancelled by Driver,C158,D121,Mini,2.33,140.35,UPI
B1080,2024-01-15,13:42,Cancelled by Driver,C265,D60,Mini,14.86,191.75,UPI
B1081,2024-01-03,14:59,Cancelled by Customer,C52,D193,Prime Sedan,12.56,406.13,Cash
B1082,2024-01-14,12:17,Success,C215,D118,Mini,14.43,462.1,Cash
B1083,2024-01-17,5:34,Success,C269,D98,Prime Sedan,8.12,211.91,Card
B1084,2024-01-04,18:14,Success,C177,D117,Bike,8.02,188.14,Cash
B1085,2024-01-18,22:36,Cancelled by Customer,C270,D57,Auto,1.86,137.84,UPI
B1086,2024-01-08,9:38,Success,C3,D138,Mini,7.65,355.32,UPI
B1087,2024-01-04,16:38,Success,C25,D141,Auto,18.66,195.39,UPI
B1088,2024-01-02,21:25,Success,C93,D144,Mini,8.21,494.49,UPI
B1089,2024-01-30,11:24,Success,C250,D200,Auto,16.8,196.56,Card
B1090,2024-01-06,16:12,Cancelled by Customer,C54,D3,Mini,17.0,227.36,Card
B1091,2024-01-22,19:24,Cancelled by Customer,C37,D21,Mini,8.09,321.5,Cash
B1092,2024-01-10,3:09,Success,C247,D2,Mini,13.01,410.76,Cash
B1093,2024-01-04,2:40,Cancelled by Driver,C83,D88,Mini,2.81,261.28,Cash
B1094,2024-01-22,12:17,Success,C43,D152,Mini,2.97,240.2,Card
B1095,2024-01-29,14:35,Success,C48,D103,Mini,1.92,498.04,UPI
B1096,2024-01-18,14:21,Success,C142,D13,Mini,12.04,54.72,Cash
B1097,2024-01-26,1:46,Success,C68,D105,Mini,9.1,452.78,UPI
B1098,2024-01-12,7:39,Success,C57,D50,Mini,11.41,117.11,Cash
B1099,2024-01-02,16:43,Cancelled by Driver,C42,D182,Auto,10.9,403.67,Cash
B1100,2024-01-10,18:41,Success,C196,D61,Prime Sedan,7.65,328.07,Cash
B1101,2024-01-30,8:36,Cancelled by Customer,C43,D155,Mini,13.87,203.83,Cash
B1102,2024-01-04,5:51,Success,C208,D187,Prime Sedan,15.41,443.24,Cash
B1103,2024-01-14,1:58,Success,C208,D66,Mini,1.28,55.81,UPI
B1104,2024-01-16,23:58,Success,C201,D74,Mini,4.94,152.01,Cash
B1105,2024-01-15,12:05,Success,C90,D34,Auto,14.55,305.1,UPI
B1106,2024-01-08,4:56,Success,C109,D45,Bike,8.35,208.19,Card
B1107,2024-01-14,0:52,Cancelled by Driver,C104,D150,Bike,13.59,324.67,Cash
B1108,2024-01-23,21:20,Success,C60,D131,Auto,7.59,60.85,UPI
B1109,2024-01-28,5:05,Success,C30,D168,Prime Sedan,8.42,102.41,Card
B1110,2024-01-25,22:47,Success,C267,D37,Bike,4.01,107.19,Card
B1111,2024-01-30,3:29,Success,C198,D64,Auto,5.91,135.18,Card
B1112,2024-01-08,10:29,Success,C94,D174,Auto,12.5,256.7,UPI
B1113,2024-01-21,23:54,Success,C268,D66,Bike,9.23,388.46,Cash
B1114,2024-01-16,8:54,Success,C147,D94,Prime Sedan,15.71,457.49,Cash
B1115,2024-01-13,2:50,Success,C242,D4,Auto,17.2,425.92,UPI
B1116,2024-01-18,7:36,Success,C83,D153,Mini,11.29,138.6,Cash
B1117,2024-01-15,3:23,Success,C267,D36,Prime Sedan,15.41,248.52,UPI
B1118,2024-01-21,5:01,Success,C141,D172,Prime Sedan,6.83,139.74,Cash
B1119,2024-01-24,19:27,Success,C180,D169,Bike,8.88,169.01,Card
B1120,2024-01-26,10:03,Cancelled by Driver,C250,D120,Bike,14.54,276.6,Cash
B1121,2024-01-25,14:05,Success,C265,D102,Mini,8.34,80.65,UPI
B1122,2024-01-28,21:48,Success,C22,D137,Auto,12.18,148.18,UPI
B1123,2024-01-28,23:37,Success,C188,D179,Bike,4.52,470.92,Card
B1124,2024-01-28,18:56,Cancelled by Driver,C115,D35,Bike,12.4,259.75,UPI
B1125,2024-01-13,1:14,Success,C282,D156,Prime Sedan,17.37,250.42,Cash
B1126,2024-01-09,10:07,Success,C129,D22,Bike,17.5,56.56,Cash
B1127,2024-01-29,18:44,Cancelled by Customer,C189,D147,Bike,14.76,161.33,Card
B1128,2024-01-15,11:04,Success,C181,D25,Bike,15.17,439.83,UPI
B1129,2024-01-13,5:25,Success,C115,D198,Bike,11.6,124.08,Card
B1130,2024-01-01,21:03,Success,C284,D110,Prime Sedan,12.11,236.81,Cash
B1131,2024-01-25,18:19,Success,C240,D175,Mini,3.54,56.45,Card
B1132,2024-01-07,0:19,Cancelled by Driver,C259,D110,Mini,9.43,265.25,UPI
B1133,2024-01-09,16:11,Cancelled by Customer,C203,D26,Auto,9.56,59.46,Card
B1134,2024-01-24,14:00,Success,C6,D183,Bike,19.21,418.82,UPI
B1135,2024-01-01,13:37,Success,C165,D185,Prime Sedan,9.19,421.18,UPI
B1136,2024-01-12,4:10,Success,C152,D50,Auto,11.44,404.48,Cash
B1137,2024-01-08,3:12,Success,C2,D194,Auto,11.13,177.51,Cash
B1138,2024-01-24,10:02,Cancelled by Customer,C114,D145,Mini,13.1,426.76,Cash
B1139,2024-01-11,0:05,Success,C225,D138,Prime Sedan,15.22,294.35,UPI
B1140,2024-01-19,17:55,Success,C274,D83,Prime Sedan,5.28,218.21,Card
B1141,2024-01-17,9:04,Cancelled by Customer,C234,D133,Prime Sedan,11.05,331.4,UPI
B1142,2024-01-08,22:09,Success,C252,D106,Mini,16.69,55.55,Cash
B1143,2024-01-03,11:01,Success,C194,D39,Mini,9.8,114.33,Cash
B1144,2024-01-03,12:39,Success,C226,D164,Mini,6.29,384.03,Card
B1145,2024-01-01,1:19,Cancelled by Driver,C209,D69,Mini,13.44,159.87,Cash
B1146,2024-01-27,0:36,Success,C8,D108,Mini,16.65,319.1,Cash
B1147,2024-01-05,8:16,Success,C110,D181,Bike,2.2,223.3,Cash
B1148,2024-01-10,8:10,Success,C62,D56,Bike,15.76,434.66,Card
B1149,2024-01-07,14:23,Success,C260,D5,Prime Sedan,16.61,478.59,UPI
B1150,2024-01-26,5:54,Cancelled by Customer,C76,D11,Auto,9.77,447.6,Cash
B1151,2024-01-09,2:29,Cancelled by Customer,C277,D15,Prime Sedan,19.68,171.78,Card
B1152,2024-01-28,16:04,Success,C299,D88,Auto,15.95,137.37,Cash
B1153,2024-01-07,11:49,Success,C185,D49,Mini,15.7,263.5,Card
B1154,2024-01-09,13:52,Success,C44,D131,Auto,15.21,53.3,Cash
B1155,2024-01-08,23:10,Success,C103,D161,Prime Sedan,3.86,61.61,Card
B1156,2024-01-12,8:33,Success,C6,D163,Prime Sedan,5.13,298.98,Cash
B1157,2024-01-02,11:34,Cancelled by Customer,C134,D73,Auto,9.82,284.2,UPI
B1158,2024-01-01,2:00,Success,C261,D153,Bike,6.02,497.56,Cash
B1159,2024-01-16,7:21,Success,C123,D128,Mini,8.89,140.83,Card
B1160,2024-01-23,7:10,Success,C129,D50,Mini,17.88,166.15,Cash
B1161,2024-01-23,8:36,Cancelled by Customer,C7,D143,Prime Sedan,16.66,101.09,UPI
B1162,2024-01-30,13:59,Cancelled by Customer,C296,D125,Bike,12.97,462.89,Cash
B1163,2024-01-24,2:20,Cancelled by Customer,C37,D80,Auto,17.3,400.02,Card
B1164,2024-01-05,4:04,Success,C17,D184,Mini,15.89,420.05,Card
B1165,2024-01-03,18:58,Success,C252,D131,Bike,9.15,456.24,UPI
B1166,2024-01-12,13:25,Cancelled by Customer,C255,D123,Mini,4.82,286.2,Card
B1167,2024-01-08,3:24,Success,C46,D57,Bike,10.77,253.04,Cash
B1168,2024-01-22,12:41,Success,C285,D52,Bike,14.99,198.68,Cash
B1169,2024-01-27,17:39,Cancelled by Customer,C245,D87,Prime Sedan,9.29,315.15,Cash
B1170,2024-01-03,7:38,Cancelled by Customer,C232,D53,Mini,13.67,254.43,Card
B1171,2024-01-01,7:13,Success,C166,D37,Auto,2.79,253.2,Cash
B1172,2024-01-03,18:37,Success,C264,D145,Prime Sedan,15.21,471.62,Cash
B1173,2024-01-05,0:22,Success,C155,D6,Prime Sedan,16.44,492.81,Cash
B1174,2024-01-15,14:32,Success,C87,D137,Auto,14.43,408.42,UPI
B1175,2024-01-14,16:32,Success,C67,D115,Prime Sedan,19.38,390.54,Card
B1176,2024-01-03,14:54,Cancelled by Customer,C192,D183,Bike,16.71,356.25,Card
B1177,2024-01-01,1:13,Cancelled by Customer,C232,D61,Bike,18.16,124.73,Card
B1178,2024-01-05,20:39,Cancelled by Customer,C93,D42,Mini,18.74,76.6,UPI
B1179,2024-01-26,7:50,Success,C221,D10,Mini,16.23,360.83,Card
B1180,2024-01-23,6:50,Cancelled by Customer,C152,D136,Auto,13.81,377.95,UPI
B1181,2024-01-14,5:05,Cancelled by Customer,C216,D28,Mini,1.11,71.14,UPI
B1182,2024-01-07,2:06,Success,C102,D87,Bike,9.85,467.62,Card
B1183,2024-01-27,18:07,Cancelled by Customer,C157,D178,Auto,11.85,91.01,Cash
B1184,2024-01-09,9:51,Cancelled by Customer,C112,D21,Auto,6.78,178.66,Cash
B1185,2024-01-15,14:46,Success,C246,D53,Mini,7.04,352.58,Card
B1186,2024-01-15,0:51,Success,C245,D186,Bike,19.26,126.44,Card
B1187,2024-01-26,6:26,Success,C283,D61,Auto,17.94,74.94,UPI
B1188,2024-01-10,3:28,Success,C55,D200,Bike,17.13,199.02,Card
B1189,2024-01-28,5:56,Success,C168,D46,Bike,8.71,394.69,UPI
B1190,2024-01-13,0:36,Cancelled by Customer,C13,D59,Bike,1.26,236.16,Card
B1191,2024-01-19,22:32,Success,C282,D134,Mini,2.52,343.84,Cash
B1192,2024-01-07,3:21,Success,C259,D159,Prime Sedan,6.93,310.83,Cash
B1193,2024-01-17,1:09,Success,C271,D20,Prime Sedan,1.3,60.0,Card
B1194,2024-01-20,4:58,Success,C276,D27,Auto,1.33,494.84,UPI
B1195,2024-01-29,9:32,Success,C296,D22,Bike,18.42,68.64,Cash
B1196,2024-01-04,21:37,Success,C111,D162,Mini,14.42,485.51,UPI
B1197,2024-01-30,12:30,Success,C45,D172,Bike,6.87,297.44,Card
B1198,2024-01-05,14:35,Success,C109,D27,Bike,3.52,483.42,Card
B1199,2024-01-23,12:23,Success,C65,D93,Mini,10.72,101.64,Cash
B1200,2024-01-07,19:55,Success,C240,D120,Prime Sedan,1.1,270.68,Card
B1201,2024-01-13,14:28,Cancelled by Customer,C26,D126,Bike,18.83,126.28,Cash
B1202,2024-01-15,7:04,Success,C229,D119,Bike,8.88,72.94,UPI
B1203,2024-01-11,14:03,Cancelled by Customer,C168,D154,Prime Sedan,8.64,327.89,Cash
B1204,2024-01-29,11:44,Success,C57,D25,Mini,8.42,143.5,Cash
B1205,2024-01-04,1:26,Success,C98,D176,Auto,2.32,314.46,UPI
B1206,2024-01-13,18:50,Cancelled by Customer,C46,D145,Prime Sedan,13.13,100.56,Cash
B1207,2024-01-07,3:35,Success,C118,D10,Auto,14.93,199.39,Cash
B1208,2024-01-27,10:26,Success,C177,D96,Auto,13.85,401.73,Card
B1209,2024-01-19,4:19,Success,C211,D158,Prime Sedan,3.63,246.67,UPI
B1210,2024-01-22,10:09,Success,C254,D13,Bike,12.0,332.49,Cash
B1211,2024-01-28,7:37,Success,C286,D18,Auto,11.82,341.36,UPI
B1212,2024-01-02,5:07,Success,C238,D62,Auto,17.5,429.69,UPI
B1213,2024-01-10,22:46,Success,C251,D66,Mini,8.2,196.22,Cash
B1214,2024-01-13,13:42,Success,C248,D138,Bike,8.06,359.28,Card
B1215,2024-01-30,11:25,Success,C19,D68,Auto,12.75,482.73,UPI
B1216,2024-01-25,12:39,Cancelled by Customer,C219,D108,Mini,13.03,378.61,Cash
B1217,2024-01-21,17:24,Cancelled by Driver,C138,D98,Bike,9.92,270.44,UPI
B1218,2024-01-06,0:46,Success,C130,D65,Prime Sedan,9.42,333.82,Card
B1219,2024-01-28,7:59,Cancelled by Customer,C223,D85,Prime Sedan,10.39,382.86,Card
B1220,2024-01-28,10:11,Success,C27,D62,Mini,17.36,325.52,Card
B1221,2024-01-12,11:35,Success,C197,D195,Prime Sedan,9.76,57.5,Cash
B1222,2024-01-12,15:03,Success,C146,D167,Auto,18.86,137.65,Cash
B1223,2024-01-20,4:55,Cancelled by Customer,C108,D125,Bike,10.58,414.71,Card
B1224,2024-01-30,4:07,Success,C99,D197,Auto,19.03,172.69,Cash
B1225,2024-01-30,9:48,Success,C59,D144,Auto,16.82,379.2,Card
B1226,2024-01-11,8:53,Success,C3,D127,Prime Sedan,7.89,217.45,Cash
B1227,2024-01-26,18:28,Cancelled by Customer,C292,D95,Auto,17.41,284.85,Card
B1228,2024-01-23,13:39,Cancelled by Customer,C19,D135,Prime Sedan,3.09,80.59,UPI
B1229,2024-01-28,8:21,Cancelled by Customer,C176,D121,Bike,18.58,131.55,Card
B1230,2024-01-25,10:22,Success,C30,D175,Bike,13.0,480.74,Card
B1231,2024-01-07,0:45,Success,C79,D100,Auto,2.03,450.56,Cash
B1232,2024-01-30,4:20,Success,C283,D47,Mini,13.24,343.52,Cash
B1233,2024-01-01,13:35,Success,C132,D145,Prime Sedan,19.51,256.84,Cash
B1234,2024-01-01,21:22,Success,C72,D2,Prime Sedan,2.33,354.09,Cash
B1235,2024-01-25,0:53,Success,C48,D192,Auto,11.54,328.37,Cash
B1236,2024-01-27,22:50,Cancelled by Driver,C168,D200,Prime Sedan,15.21,305.85,Cash
B1237,2024-01-30,7:14,Cancelled by Customer,C220,D179,Prime Sedan,16.39,76.63,UPI
B1238,2024-01-25,20:46,Cancelled by Customer,C196,D69,Mini,8.86,334.76,Card
B1239,2024-01-20,8:52,Cancelled by Driver,C57,D160,Mini,4.88,396.01,Card
B1240,2024-01-13,8:09,Success,C107,D35,Auto,1.8,497.34,Card
B1241,2024-01-09,19:56,Success,C115,D139,Mini,12.01,54.99,UPI
B1242,2024-01-03,20:25,Cancelled by Driver,C263,D95,Auto,9.61,378.58,Card
B1243,2024-01-07,8:34,Success,C123,D38,Bike,19.03,307.31,UPI
B1244,2024-01-06,19:24,Cancelled by Customer,C84,D59,Auto,2.15,245.32,UPI
B1245,2024-01-08,10:37,Success,C54,D186,Bike,14.02,107.41,UPI
B1246,2024-01-27,1:06,Success,C228,D100,Auto,1.47,234.09,Card
B1247,2024-01-09,17:26,Success,C132,D65,Prime Sedan,4.26,209.47,UPI
B1248,2024-01-30,1:26,Cancelled by Driver,C267,D14,Mini,9.62,186.27,Card
B1249,2024-01-05,16:42,Cancelled by Customer,C170,D189,Bike,9.64,378.9,Card
B1250,2024-01-01,11:58,Success,C153,D171,Auto,14.03,365.33,Cash
B1251,2024-01-19,18:53,Cancelled by Customer,C13,D40,Mini,18.29,315.06,Cash
B1252,2024-01-10,23:24,Success,C216,D142,Auto,13.14,472.4,UPI
B1253,2024-01-12,6:51,Success,C228,D83,Mini,19.12,207.43,UPI
B1254,2024-01-24,5:52,Success,C140,D163,Mini,17.75,159.71,Card
B1255,2024-01-15,23:32,Success,C184,D156,Auto,12.11,345.16,UPI
B1256,2024-01-27,16:28,Success,C274,D144,Bike,16.84,139.47,UPI
B1257,2024-01-22,10:21,Cancelled by Driver,C11,D200,Bike,13.21,191.75,Card
B1258,2024-01-24,17:20,Cancelled by Customer,C277,D198,Prime Sedan,2.49,151.07,UPI
B1259,2024-01-09,16:06,Success,C35,D43,Mini,15.07,81.12,UPI
B1260,2024-01-20,16:19,Success,C93,D102,Prime Sedan,2.8,422.37,Card
B1261,2024-01-17,8:48,Cancelled by Driver,C66,D46,Prime Sedan,12.29,164.54,Card
B1262,2024-01-30,19:53,Cancelled by Driver,C3,D44,Auto,14.35,262.86,Cash
B1263,2024-01-17,21:27,Cancelled by Customer,C106,D179,Auto,2.26,69.49,Card
B1264,2024-01-26,7:48,Success,C282,D22,Auto,5.39,364.7,Cash
B1265,2024-01-20,6:00,Success,C84,D15,Mini,18.4,198.75,UPI
B1266,2024-01-12,12:29,Success,C203,D143,Auto,12.71,385.13,Card
B1267,2024-01-30,22:50,Success,C16,D4,Auto,5.68,235.58,Card
B1268,2024-01-07,23:18,Success,C266,D177,Mini,14.12,138.09,Card
B1269,2024-01-02,16:44,Cancelled by Driver,C220,D25,Mini,12.34,280.93,UPI
B1270,2024-01-03,15:39,Success,C159,D94,Bike,10.53,108.73,Cash
B1271,2024-01-17,18:17,Success,C188,D116,Auto,19.55,248.24,UPI
B1272,2024-01-05,0:13,Success,C149,D170,Auto,13.99,192.79,UPI
B1273,2024-01-17,18:46,Success,C250,D6,Auto,8.13,460.38,Card
B1274,2024-01-24,17:01,Success,C294,D51,Bike,16.2,77.42,Cash
B1275,2024-01-17,21:27,Success,C87,D74,Auto,17.81,362.31,UPI
B1276,2024-01-27,16:49,Success,C189,D50,Bike,3.38,132.24,Card
B1277,2024-01-17,5:50,Cancelled by Customer,C4,D62,Prime Sedan,4.81,193.57,UPI
B1278,2024-01-02,3:00,Cancelled by Driver,C126,D6,Bike,5.11,236.98,UPI
B1279,2024-01-02,7:28,Success,C34,D63,Prime Sedan,14.13,458.61,Card
B1280,2024-01-28,22:38,Success,C294,D140,Auto,12.46,159.16,Card
B1281,2024-01-22,2:31,Cancelled by Customer,C239,D48,Prime Sedan,12.76,91.09,Cash
B1282,2024-01-23,9:09,Success,C173,D62,Bike,18.87,193.41,UPI
B1283,2024-01-05,18:45,Success,C255,D102,Mini,15.74,97.1,Card
B1284,2024-01-01,1:59,Cancelled by Customer,C33,D14,Prime Sedan,3.43,107.87,Card
B1285,2024-01-01,0:22,Success,C162,D76,Prime Sedan,7.6,308.23,Cash
B1286,2024-01-19,22:27,Success,C237,D97,Auto,9.27,77.41,Cash
B1287,2024-01-30,17:06,Success,C3,D158,Bike,8.52,63.92,Card
B1288,2024-01-02,7:00,Success,C120,D130,Prime Sedan,13.72,371.49,Cash
B1289,2024-01-21,22:02,Success,C74,D52,Prime Sedan,17.95,212.74,Card
B1290,2024-01-12,23:22,Cancelled by Customer,C272,D58,Prime Sedan,6.81,106.42,UPI
B1291,2024-01-26,7:53,Success,C266,D183,Prime Sedan,11.49,164.13,Cash
B1292,2024-01-06,14:36,Success,C246,D94,Mini,16.0,338.94,UPI
B1293,2024-01-23,2:50,Cancelled by Customer,C279,D121,Bike,8.91,173.99,UPI
B1294,2024-01-04,0:27,Success,C277,D12,Auto,4.19,272.53,UPI
B1295,2024-01-23,14:07,Success,C48,D148,Auto,10.02,104.76,Card
B1296,2024-01-11,1:34,Cancelled by Customer,C7,D28,Mini,2.05,314.64,UPI
B1297,2024-01-24,23:13,Success,C277,D136,Bike,18.91,192.23,UPI
B1298,2024-01-27,23:45,Cancelled by Customer,C264,D14,Prime Sedan,2.42,332.14,UPI
B1299,2024-01-17,10:15,Cancelled by Customer,C87,D4,Mini,9.33,413.78,Card
B1300,2024-01-06,3:51,Success,C261,D58,Bike,11.07,325.24,UPI
B1301,2024-01-24,4:53,Success,C193,D40,Prime Sedan,19.72,183.09,UPI
B1302,2024-01-05,20:13,Cancelled by Driver,C1,D91,Mini,4.15,165.08,Cash
B1303,2024-01-20,22:47,Success,C47,D7,Bike,3.17,197.34,Card
B1304,2024-01-02,17:06,Cancelled by Customer,C285,D29,Auto,1.17,124.08,UPI
B1305,2024-01-06,9:06,Success,C10,D148,Auto,3.96,131.53,Cash
B1306,2024-01-22,0:22,Success,C46,D168,Bike,4.94,405.81,Card
B1307,2024-01-11,20:18,Success,C287,D43,Auto,12.98,223.13,Card
B1308,2024-01-16,15:18,Cancelled by Driver,C211,D74,Bike,5.17,246.2,Card
B1309,2024-01-16,3:28,Cancelled by Driver,C103,D112,Prime Sedan,1.39,317.32,Card
B1310,2024-01-01,17:01,Success,C247,D194,Bike,16.71,315.34,Card
B1311,2024-01-09,0:46,Success,C106,D45,Prime Sedan,7.95,80.32,Card
B1312,2024-01-28,4:19,Cancelled by Customer,C279,D126,Mini,7.72,424.19,UPI
B1313,2024-01-27,10:41,Success,C243,D64,Bike,6.75,129.8,UPI
B1314,2024-01-06,1:02,Success,C99,D12,Mini,19.53,375.38,UPI
B1315,2024-01-16,22:54,Success,C227,D185,Auto,4.23,397.7,UPI
B1316,2024-01-29,11:19,Success,C265,D93,Prime Sedan,18.07,371.7,Cash
B1317,2024-01-03,4:36,Cancelled by Driver,C286,D126,Bike,15.76,310.54,UPI
B1318,2024-01-20,5:29,Success,C31,D152,Mini,2.45,56.57,Card
B1319,2024-01-28,8:33,Success,C218,D35,Prime Sedan,19.75,212.17,UPI
B1320,2024-01-27,20:43,Success,C291,D143,Prime Sedan,6.16,322.18,UPI
B1321,2024-01-04,2:51,Cancelled by Customer,C91,D55,Auto,2.87,224.35,Card
B1322,2024-01-19,21:43,Success,C276,D95,Auto,16.76,438.57,UPI
B1323,2024-01-26,23:16,Success,C225,D134,Prime Sedan,14.43,188.96,UPI
B1324,2024-01-03,9:29,Success,C57,D34,Prime Sedan,12.73,182.09,UPI
B1325,2024-01-19,23:58,Cancelled by Customer,C199,D101,Bike,3.96,169.7,Cash
B1326,2024-01-20,13:22,Success,C128,D100,Prime Sedan,10.09,199.75,UPI
B1327,2024-01-07,16:49,Success,C216,D130,Bike,15.83,300.83,Card
B1328,2024-01-20,18:16,Success,C119,D38,Prime Sedan,6.77,368.16,Card
B1329,2024-01-09,13:08,Success,C34,D84,Auto,6.92,348.16,UPI
B1330,2024-01-01,7:01,Success,C199,D136,Bike,1.06,413.47,UPI
B1331,2024-01-08,12:24,Cancelled by Customer,C262,D69,Mini,4.31,448.66,UPI
B1332,2024-01-07,6:08,Success,C292,D124,Auto,17.63,417.24,Card
B1333,2024-01-18,21:21,Cancelled by Customer,C163,D35,Bike,9.39,58.53,Card
B1334,2024-01-08,10:45,Success,C286,D64,Bike,19.7,381.16,Cash
B1335,2024-01-01,3:25,Cancelled by Customer,C284,D38,Mini,8.52,143.78,Cash
B1336,2024-01-11,12:33,Success,C33,D60,Bike,14.59,109.82,Cash
B1337,2024-01-28,22:36,Success,C62,D191,Prime Sedan,6.36,337.32,Card
B1338,2024-01-25,10:05,Cancelled by Driver,C295,D196,Mini,7.91,193.88,Cash
B1339,2024-01-25,17:20,Cancelled by Customer,C151,D46,Auto,4.62,75.7,UPI
B1340,2024-01-18,9:35,Success,C201,D177,Auto,7.59,111.93,UPI
B1341,2024-01-23,8:37,Success,C248,D53,Prime Sedan,11.4,50.42,Card
B1342,2024-01-30,1:16,Cancelled by Customer,C159,D192,Auto,19.84,456.45,Cash
B1343,2024-01-10,4:24,Success,C73,D84,Bike,13.62,61.08,UPI
B1344,2024-01-03,5:57,Cancelled by Customer,C103,D62,Bike,4.79,144.26,Card
B1345,2024-01-07,11:22,Cancelled by Customer,C102,D143,Prime Sedan,1.85,237.32,Cash
B1346,2024-01-28,20:41,Success,C179,D23,Auto,3.4,210.46,UPI
B1347,2024-01-16,21:20,Success,C190,D186,Auto,11.69,460.28,Cash
B1348,2024-01-26,5:26,Success,C244,D200,Prime Sedan,15.54,68.13,Card
B1349,2024-01-16,7:33,Success,C94,D116,Mini,18.87,280.5,Cash
B1350,2024-01-25,11:44,Success,C110,D110,Auto,1.3,356.22,Card
B1351,2024-01-20,20:06,Cancelled by Driver,C218,D117,Mini,10.93,469.26,Cash
B1352,2024-01-28,9:44,Success,C19,D59,Auto,9.95,329.17,UPI
B1353,2024-01-17,16:25,Cancelled by Customer,C190,D63,Auto,13.47,411.69,Card
B1354,2024-01-02,20:27,Success,C66,D179,Auto,11.63,87.68,Card
B1355,2024-01-01,13:01,Success,C180,D198,Auto,14.05,223.67,Card
B1356,2024-01-16,21:42,Success,C116,D45,Bike,13.5,218.28,Cash
B1357,2024-01-30,0:50,Success,C1,D129,Mini,3.22,448.83,Cash
B1358,2024-01-12,20:35,Success,C119,D168,Mini,16.19,118.12,UPI
B1359,2024-01-05,18:25,Success,C234,D34,Auto,3.34,118.35,Card
B1360,2024-01-05,20:10,Cancelled by Customer,C133,D22,Auto,14.27,197.85,Card
B1361,2024-01-27,7:10,Success,C36,D54,Mini,8.91,74.51,Cash
B1362,2024-01-23,3:48,Success,C237,D179,Bike,10.76,132.11,Cash
B1363,2024-01-09,6:39,Success,C100,D155,Prime Sedan,18.16,484.34,UPI
B1364,2024-01-09,2:53,Success,C282,D139,Prime Sedan,17.91,242.68,UPI
B1365,2024-01-03,1:54,Success,C82,D53,Mini,16.54,334.41,Cash
B1366,2024-01-19,14:23,Success,C231,D70,Auto,10.69,376.75,Card
B1367,2024-01-16,21:21,Success,C129,D53,Auto,14.99,215.13,UPI
B1368,2024-01-16,4:55,Success,C209,D62,Bike,10.75,116.25,Cash
B1369,2024-01-03,0:57,Success,C222,D154,Prime Sedan,17.52,142.96,Cash
B1370,2024-01-20,3:46,Cancelled by Customer,C142,D97,Bike,8.65,190.97,Card
B1371,2024-01-24,19:18,Success,C87,D168,Prime Sedan,19.43,336.23,Cash
B1372,2024-01-22,2:51,Success,C155,D146,Mini,18.71,229.23,Cash
B1373,2024-01-24,10:16,Success,C178,D50,Prime Sedan,15.09,53.07,UPI
B1374,2024-01-01,12:42,Success,C149,D9,Bike,6.31,285.53,Cash
B1375,2024-01-24,1:08,Cancelled by Customer,C190,D151,Bike,3.5,464.68,Cash
B1376,2024-01-20,1:52,Success,C85,D156,Bike,17.24,415.43,UPI
B1377,2024-01-11,8:08,Success,C52,D158,Mini,4.14,421.35,Card
B1378,2024-01-17,7:16,Success,C171,D150,Prime Sedan,17.23,407.78,Card
B1379,2024-01-08,0:24,Success,C120,D30,Prime Sedan,10.32,195.68,UPI
B1380,2024-01-04,10:39,Success,C139,D98,Bike,8.72,394.34,UPI
B1381,2024-01-06,9:24,Success,C7,D119,Prime Sedan,18.16,114.42,Card
B1382,2024-01-08,6:34,Cancelled by Customer,C261,D189,Auto,12.47,345.97,Card
B1383,2024-01-20,2:49,Success,C254,D115,Auto,11.96,338.71,Card
B1384,2024-01-30,4:43,Success,C281,D172,Auto,11.62,61.51,Card
B1385,2024-01-03,11:50,Success,C291,D60,Prime Sedan,8.05,404.59,Card
B1386,2024-01-16,5:33,Success,C249,D33,Mini,15.93,456.46,UPI
B1387,2024-01-30,11:18,Success,C10,D104,Mini,5.8,170.34,Cash
B1388,2024-01-25,4:43,Cancelled by Customer,C103,D30,Mini,18.84,415.58,Card
B1389,2024-01-03,16:16,Cancelled by Customer,C78,D122,Mini,17.99,87.08,Card
B1390,2024-01-25,9:56,Success,C219,D58,Auto,7.41,319.99,Cash
B1391,2024-01-29,22:48,Cancelled by Customer,C114,D54,Auto,14.86,268.54,Cash
B1392,2024-01-18,14:11,Cancelled by Driver,C266,D49,Bike,11.89,295.67,Cash
B1393,2024-01-14,15:23,Cancelled by Customer,C61,D68,Prime Sedan,7.42,466.79,Cash
B1394,2024-01-18,18:07,Success,C195,D31,Prime Sedan,19.78,442.09,Cash
B1395,2024-01-02,20:16,Cancelled by Customer,C291,D111,Mini,1.48,403.29,Cash
B1396,2024-01-22,22:36,Success,C28,D47,Auto,5.8,173.16,UPI
B1397,2024-01-03,21:15,Cancelled by Driver,C101,D76,Mini,10.88,460.32,Cash
B1398,2024-01-16,5:07,Success,C24,D10,Bike,10.92,93.88,Cash
B1399,2024-01-29,17:24,Success,C22,D183,Prime Sedan,12.19,434.0,UPI
B1400,2024-01-09,11:14,Cancelled by Customer,C100,D78,Prime Sedan,15.28,197.67,Cash
B1401,2024-01-04,8:44,Success,C158,D136,Mini,12.85,74.2,Card
B1402,2024-01-01,14:31,Cancelled by Driver,C166,D25,Bike,12.41,351.21,Card
B1403,2024-01-04,9:15,Cancelled by Driver,C45,D129,Prime Sedan,2.02,154.08,Cash
B1404,2024-01-01,6:16,Success,C32,D60,Bike,8.15,159.61,UPI
B1405,2024-01-14,22:25,Success,C71,D175,Bike,5.41,187.72,Card
B1406,2024-01-21,20:21,Success,C128,D147,Mini,6.04,78.66,UPI
B1407,2024-01-16,6:13,Success,C136,D188,Auto,11.53,129.71,Card
B1408,2024-01-20,14:52,Success,C266,D191,Mini,4.79,52.31,Cash
B1409,2024-01-24,6:08,Cancelled by Customer,C194,D157,Auto,6.59,250.43,UPI
B1410,2024-01-08,18:47,Success,C192,D189,Bike,5.5,87.91,UPI
B1411,2024-01-07,7:49,Success,C34,D30,Auto,19.02,357.19,UPI
B1412,2024-01-03,22:28,Cancelled by Driver,C51,D62,Bike,18.95,156.03,Card
B1413,2024-01-17,17:30,Success,C66,D12,Prime Sedan,12.59,474.61,Card
B1414,2024-01-01,19:38,Success,C286,D82,Prime Sedan,18.57,442.06,Card
B1415,2024-01-16,2:17,Cancelled by Driver,C154,D193,Prime Sedan,15.93,180.25,Cash
B1416,2024-01-12,9:38,Success,C137,D152,Mini,12.21,402.45,Card
B1417,2024-01-27,16:13,Cancelled by Customer,C11,D176,Mini,1.12,411.46,Cash
B1418,2024-01-19,23:34,Cancelled by Driver,C100,D38,Bike,15.68,493.95,UPI
B1419,2024-01-22,11:59,Cancelled by Driver,C240,D7,Prime Sedan,14.35,319.03,UPI
B1420,2024-01-23,12:33,Success,C124,D2,Mini,12.69,86.88,Cash
B1421,2024-01-22,2:36,Success,C194,D99,Prime Sedan,15.45,341.08,Card
B1422,2024-01-14,10:39,Success,C249,D161,Mini,10.75,331.24,Cash
B1423,2024-01-30,22:22,Cancelled by Customer,C218,D92,Auto,14.38,337.26,UPI
B1424,2024-01-06,11:38,Cancelled by Customer,C208,D13,Auto,18.77,188.22,UPI
B1425,2024-01-06,14:55,Success,C289,D52,Prime Sedan,8.14,436.86,Cash
B1426,2024-01-13,16:03,Success,C83,D106,Bike,14.45,481.76,Card
B1427,2024-01-19,21:24,Success,C47,D32,Mini,10.04,147.97,Card
B1428,2024-01-22,12:17,Success,C160,D70,Mini,13.81,89.67,Cash
B1429,2024-01-08,0:15,Cancelled by Customer,C202,D38,Auto,15.49,137.54,Cash
B1430,2024-01-27,12:41,Success,C201,D173,Auto,1.86,419.25,Card
B1431,2024-01-27,11:01,Cancelled by Driver,C27,D139,Bike,13.29,354.49,UPI
B1432,2024-01-02,22:34,Cancelled by Customer,C134,D183,Bike,5.31,336.22,Cash
B1433,2024-01-21,9:33,Success,C178,D82,Bike,13.73,230.81,Card
B1434,2024-01-30,22:12,Success,C253,D15,Prime Sedan,9.9,310.02,Card
B1435,2024-01-01,12:17,Success,C47,D194,Auto,15.7,188.54,UPI
B1436,2024-01-28,2:58,Success,C107,D79,Prime Sedan,3.34,264.74,UPI
B1437,2024-01-15,6:45,Cancelled by Customer,C100,D62,Auto,12.9,406.88,UPI
B1438,2024-01-01,19:28,Cancelled by Customer,C267,D189,Auto,6.29,491.56,UPI
B1439,2024-01-05,16:28,Cancelled by Customer,C193,D89,Mini,17.21,469.62,UPI
B1440,2024-01-28,20:43,Success,C234,D137,Auto,18.64,470.24,Cash
B1441,2024-01-29,15:55,Success,C91,D41,Auto,19.93,231.0,Card
B1442,2024-01-16,11:46,Cancelled by Customer,C104,D65,Prime Sedan,16.12,260.96,Cash
B1443,2024-01-19,9:29,Success,C87,D131,Auto,15.32,367.54,Cash
B1444,2024-01-04,6:19,Success,C254,D55,Prime Sedan,5.09,464.99,Cash
B1445,2024-01-03,4:00,Success,C157,D171,Bike,7.38,113.9,Cash
B1446,2024-01-17,16:02,Success,C190,D91,Auto,9.85,186.91,Cash
B1447,2024-01-17,12:13,Success,C138,D93,Auto,15.69,112.66,UPI
B1448,2024-01-12,23:29,Success,C100,D148,Prime Sedan,18.38,325.4,UPI
B1449,2024-01-28,17:03,Cancelled by Driver,C228,D47,Bike,4.59,187.84,Card
B1450,2024-01-30,17:36,Success,C61,D119,Mini,18.52,196.75,Cash
B1451,2024-01-29,15:00,Success,C235,D27,Bike,14.22,81.91,Card
B1452,2024-01-14,20:45,Success,C48,D42,Prime Sedan,12.6,207.41,UPI
B1453,2024-01-21,14:08,Cancelled by Customer,C155,D56,Bike,4.8,438.12,UPI
B1454,2024-01-06,14:48,Success,C1,D187,Prime Sedan,2.05,154.88,UPI
B1455,2024-01-03,23:03,Success,C67,D1,Prime Sedan,11.8,362.83,Cash
B1456,2024-01-28,11:58,Success,C128,D194,Mini,13.38,333.33,Cash
B1457,2024-01-09,4:36,Cancelled by Customer,C247,D188,Auto,5.0,438.57,UPI
B1458,2024-01-05,10:59,Success,C114,D186,Prime Sedan,11.57,109.53,Card
B1459,2024-01-24,5:38,Cancelled by Customer,C192,D190,Prime Sedan,17.27,489.92,Card
B1460,2024-01-29,23:45,Cancelled by Driver,C53,D29,Mini,16.87,312.18,UPI
B1461,2024-01-17,23:10,Success,C265,D159,Prime Sedan,18.62,497.96,Card
B1462,2024-01-14,12:33,Cancelled by Customer,C284,D169,Auto,7.95,460.18,UPI
B1463,2024-01-21,6:51,Success,C3,D38,Mini,7.04,149.68,Card
B1464,2024-01-03,3:58,Cancelled by Customer,C120,D28,Auto,15.24,75.27,UPI
B1465,2024-01-28,7:19,Success,C276,D197,Auto,9.19,165.04,Card
B1466,2024-01-01,21:52,Cancelled by Customer,C77,D151,Mini,2.66,287.4,Cash
B1467,2024-01-20,18:44,Success,C144,D36,Prime Sedan,6.37,127.22,UPI
B1468,2024-01-29,13:09,Success,C158,D189,Auto,8.95,125.36,UPI
B1469,2024-01-21,10:33,Success,C167,D47,Auto,6.56,258.17,Card
B1470,2024-01-23,8:48,Success,C151,D75,Auto,7.31,64.97,UPI
B1471,2024-01-01,2:55,Success,C265,D82,Auto,6.58,104.85,UPI
B1472,2024-01-03,5:04,Success,C138,D144,Mini,1.79,237.14,UPI
B1473,2024-01-18,4:53,Success,C186,D164,Mini,13.1,78.41,Cash
B1474,2024-01-25,14:22,Success,C82,D163,Bike,12.35,228.54,Cash
B1475,2024-01-10,16:08,Cancelled by Customer,C45,D105,Bike,13.41,263.3,Card
B1476,2024-01-22,2:19,Success,C2,D161,Auto,4.65,253.07,Cash
B1477,2024-01-26,16:58,Success,C103,D199,Prime Sedan,6.62,441.13,Card
B1478,2024-01-03,9:34,Success,C255,D95,Auto,12.77,288.53,Cash
B1479,2024-01-08,17:17,Success,C108,D112,Prime Sedan,12.39,260.59,Card
B1480,2024-01-14,16:23,Cancelled by Driver,C68,D11,Auto,10.62,234.82,Cash
B1481,2024-01-24,2:31,Success,C175,D34,Bike,7.66,417.93,Cash
B1482,2024-01-18,2:37,Cancelled by Customer,C209,D143,Bike,18.35,452.78,Card
B1483,2024-01-15,12:55,Cancelled by Driver,C239,D35,Prime Sedan,7.46,433.96,UPI
B1484,2024-01-22,14:24,Cancelled by Customer,C119,D90,Auto,9.66,353.1,UPI
B1485,2024-01-23,8:03,Success,C158,D168,Prime Sedan,13.88,111.81,Cash
B1486,2024-01-02,13:36,Cancelled by Customer,C157,D141,Bike,11.32,174.59,Card
B1487,2024-01-27,1:10,Cancelled by Driver,C74,D83,Auto,7.59,70.73,UPI
B1488,2024-01-10,8:55,Success,C259,D3,Auto,9.28,468.87,Card
B1489,2024-01-02,2:58,Success,C287,D78,Prime Sedan,16.1,347.36,UPI
B1490,2024-01-26,8:02,Success,C186,D16,Mini,6.28,385.86,Card
B1491,2024-01-17,1:11,Success,C57,D153,Prime Sedan,3.7,190.21,Cash
B1492,2024-01-08,9:08,Success,C13,D194,Bike,6.95,430.54,Card
B1493,2024-01-01,14:39,Success,C142,D198,Bike,17.14,166.82,UPI
B1494,2024-01-09,4:10,Success,C140,D174,Bike,2.69,50.74,Cash
B1495,2024-01-11,1:23,Success,C38,D111,Bike,19.84,219.39,Card
B1496,2024-01-22,14:37,Success,C121,D115,Bike,11.28,306.84,UPI
B1497,2024-01-16,7:58,Success,C114,D27,Mini,19.71,265.42,Cash
B1498,2024-01-07,4:47,Success,C133,D71,Auto,18.84,437.93,Card
B1499,2024-01-29,17:05,Success,C133,D199,Prime Sedan,9.6,97.43,UPI
B1500,2024-01-10,4:59,Success,C73,D168,Prime Sedan,4.77,299.22,Card
B1501,2024-01-23,15:12,Cancelled by Customer,C113,D63,Bike,4.13,280.84,Card
B1502,2024-01-26,4:12,Success,C108,D63,Prime Sedan,5.56,176.63,Cash
B1503,2024-01-03,16:49,Success,C244,D108,Bike,14.49,420.0,Cash
B1504,2024-01-18,7:44,Cancelled by Customer,C151,D142,Mini,6.19,388.78,UPI
B1505,2024-01-25,18:57,Success,C201,D171,Mini,7.49,379.79,Cash
B1506,2024-01-24,2:55,Success,C270,D175,Auto,9.53,444.29,UPI
B1507,2024-01-13,7:33,Cancelled by Customer,C231,D57,Mini,18.35,375.25,Card
B1508,2024-01-28,7:26,Cancelled by Customer,C153,D118,Mini,4.6,154.33,Card
B1509,2024-01-26,12:44,Success,C154,D18,Auto,1.1,367.5,UPI
B1510,2024-01-07,0:05,Success,C255,D162,Prime Sedan,2.14,188.47,Card
B1511,2024-01-25,23:18,Cancelled by Driver,C102,D119,Bike,18.19,158.98,Cash
B1512,2024-01-04,15:39,Success,C88,D101,Bike,13.3,82.85,Card
B1513,2024-01-13,0:58,Success,C191,D37,Prime Sedan,6.19,384.81,Cash
B1514,2024-01-20,15:40,Cancelled by Customer,C26,D37,Auto,4.37,369.95,UPI
B1515,2024-01-01,12:42,Success,C130,D39,Prime Sedan,6.59,155.52,UPI
B1516,2024-01-08,12:24,Success,C206,D155,Mini,3.18,387.22,Card
B1517,2024-01-14,20:41,Success,C7,D33,Auto,18.89,463.03,Card
B1518,2024-01-16,3:26,Cancelled by Customer,C127,D124,Auto,15.9,98.61,Cash
B1519,2024-01-14,5:59,Success,C205,D59,Auto,9.79,154.69,Cash
B1520,2024-01-12,6:04,Success,C47,D190,Bike,17.43,387.62,Card
B1521,2024-01-19,10:44,Success,C94,D2,Prime Sedan,5.74,173.53,Card
B1522,2024-01-23,18:30,Success,C23,D43,Auto,14.63,331.1,UPI
B1523,2024-01-15,22:41,Success,C288,D24,Auto,17.27,86.52,UPI
B1524,2024-01-28,9:31,Cancelled by Customer,C244,D13,Auto,7.78,253.49,UPI
B1525,2024-01-02,10:52,Success,C186,D62,Prime Sedan,15.39,382.59,Card
B1526,2024-01-02,6:30,Success,C59,D142,Bike,6.61,358.93,Card
B1527,2024-01-23,17:35,Cancelled by Customer,C159,D22,Mini,6.68,416.78,Card
B1528,2024-01-22,1:13,Success,C180,D190,Bike,3.03,444.85,UPI
B1529,2024-01-19,12:28,Cancelled by Driver,C255,D11,Auto,9.36,397.93,Card
B1530,2024-01-25,11:38,Success,C168,D90,Bike,14.86,352.21,Cash
B1531,2024-01-26,1:31,Success,C80,D18,Bike,18.86,64.28,Card
B1532,2024-01-30,12:45,Success,C284,D43,Mini,12.47,290.74,Card
B1533,2024-01-29,16:40,Cancelled by Driver,C12,D189,Prime Sedan,17.4,66.96,Card
B1534,2024-01-22,16:39,Success,C299,D55,Prime Sedan,16.63,413.63,Card
B1535,2024-01-26,1:59,Success,C163,D146,Bike,4.29,194.33,Card
B1536,2024-01-26,23:44,Success,C166,D130,Bike,10.23,303.09,Cash
B1537,2024-01-22,2:47,Success,C198,D135,Prime Sedan,3.22,175.75,Cash
B1538,2024-01-17,5:18,Success,C121,D190,Prime Sedan,13.96,402.13,Card
B1539,2024-01-20,6:09,Cancelled by Driver,C221,D185,Mini,19.05,448.93,UPI
B1540,2024-01-10,8:31,Success,C136,D21,Auto,3.6,229.39,Card
B1541,2024-01-06,1:27,Cancelled by Customer,C23,D47,Bike,14.94,438.32,Card
B1542,2024-01-15,14:29,Success,C6,D90,Prime Sedan,13.01,170.18,Card
B1543,2024-01-22,4:28,Success,C171,D182,Bike,12.09,290.6,UPI
B1544,2024-01-11,21:03,Success,C153,D120,Bike,8.41,436.44,UPI
B1545,2024-01-28,19:31,Success,C268,D144,Prime Sedan,7.75,196.65,UPI
B1546,2024-01-05,3:49,Cancelled by Customer,C169,D159,Mini,1.86,479.32,Cash
B1547,2024-01-01,3:26,Cancelled by Driver,C182,D140,Bike,5.14,104.85,UPI
B1548,2024-01-08,16:11,Success,C7,D171,Mini,1.29,58.22,Cash
B1549,2024-01-21,21:16,Success,C154,D100,Prime Sedan,12.05,456.86,Cash
B1550,2024-01-28,9:53,Success,C249,D47,Auto,3.01,80.89,UPI
B1551,2024-01-12,0:21,Cancelled by Driver,C273,D32,Auto,17.59,496.35,UPI
B1552,2024-01-12,23:58,Success,C215,D26,Bike,10.94,478.13,UPI
B1553,2024-01-05,17:49,Success,C293,D99,Prime Sedan,14.29,111.66,Cash
B1554,2024-01-07,13:46,Cancelled by Customer,C64,D111,Mini,8.81,291.91,Card
B1555,2024-01-04,11:35,Success,C25,D17,Bike,11.65,133.21,UPI
B1556,2024-01-06,2:51,Success,C259,D16,Prime Sedan,18.91,242.67,UPI
B1557,2024-01-13,11:06,Success,C102,D3,Prime Sedan,2.57,77.64,UPI
B1558,2024-01-20,10:32,Cancelled by Driver,C145,D48,Mini,5.82,150.77,Cash
B1559,2024-01-30,5:46,Success,C294,D179,Bike,15.82,213.47,Cash
B1560,2024-01-15,14:31,Success,C39,D178,Prime Sedan,2.88,247.39,Card
B1561,2024-01-03,18:10,Success,C38,D11,Prime Sedan,2.44,489.87,UPI
B1562,2024-01-23,22:25,Success,C207,D36,Prime Sedan,7.87,413.54,Cash
B1563,2024-01-08,1:45,Success,C153,D170,Mini,2.75,381.83,Card
B1564,2024-01-20,1:28,Success,C293,D4,Bike,12.12,291.67,UPI
B1565,2024-01-16,3:16,Success,C150,D113,Bike,5.3,428.0,Cash
B1566,2024-01-13,2:12,Success,C35,D78,Bike,18.02,202.7,UPI
B1567,2024-01-18,8:38,Success,C21,D148,Bike,15.89,369.0,UPI
B1568,2024-01-28,14:54,Success,C110,D114,Auto,14.29,497.2,Cash
B1569,2024-01-10,10:51,Cancelled by Customer,C5,D173,Auto,12.72,191.58,Cash
B1570,2024-01-30,1:46,Success,C170,D111,Bike,17.41,353.31,Cash
B1571,2024-01-19,13:19,Cancelled by Customer,C86,D36,Mini,5.24,429.94,UPI
B1572,2024-01-17,21:10,Cancelled by Customer,C88,D105,Auto,17.59,462.11,UPI
B1573,2024-01-24,2:16,Success,C141,D87,Prime Sedan,16.0,373.07,Card
B1574,2024-01-19,11:55,Success,C36,D153,Auto,15.22,177.62,UPI
B1575,2024-01-28,20:46,Success,C207,D167,Prime Sedan,11.66,196.83,Cash
B1576,2024-01-26,15:36,Success,C25,D80,Bike,5.68,59.34,UPI
B1577,2024-01-23,19:05,Success,C195,D149,Auto,9.05,392.4,Card
B1578,2024-01-26,18:56,Success,C19,D62,Mini,16.08,69.23,Card
B1579,2024-01-05,4:02,Success,C72,D31,Auto,1.6,439.09,Cash
B1580,2024-01-26,0:57,Cancelled by Customer,C289,D183,Auto,15.86,103.4,Cash
B1581,2024-01-21,5:14,Success,C248,D121,Auto,5.56,127.34,Card
B1582,2024-01-30,1:34,Cancelled by Customer,C27,D185,Bike,3.74,264.44,Card
B1583,2024-01-23,16:24,Success,C296,D170,Mini,3.2,382.05,Card
B1584,2024-01-09,23:11,Cancelled by Customer,C201,D175,Auto,1.52,112.55,Cash
B1585,2024-01-12,17:14,Success,C126,D152,Mini,10.95,248.03,Card
B1586,2024-01-21,11:15,Success,C260,D165,Bike,5.15,267.28,Card
B1587,2024-01-01,7:59,Success,C248,D11,Prime Sedan,19.8,145.53,Cash
B1588,2024-01-26,13:24,Success,C76,D28,Auto,11.91,102.0,UPI
B1589,2024-01-26,16:28,Success,C121,D197,Mini,3.62,426.39,UPI
B1590,2024-01-01,20:07,Cancelled by Driver,C3,D106,Mini,14.09,276.11,Card
B1591,2024-01-15,14:26,Success,C182,D72,Bike,18.06,56.47,UPI
B1592,2024-01-02,13:49,Success,C233,D100,Auto,15.16,411.34,UPI
B1593,2024-01-30,19:06,Cancelled by Customer,C157,D64,Prime Sedan,2.45,491.36,UPI
B1594,2024-01-22,2:28,Cancelled by Customer,C94,D17,Mini,18.02,322.67,UPI
B1595,2024-01-16,11:52,Success,C102,D20,Auto,16.08,276.67,Card
B1596,2024-01-25,23:59,Success,C132,D13,Prime Sedan,4.01,445.29,UPI
B1597,2024-01-08,2:19,Success,C3,D102,Mini,1.98,478.63,UPI
B1598,2024-01-13,13:14,Success,C291,D86,Mini,11.59,389.54,Cash
B1599,2024-01-21,13:06,Cancelled by Customer,C80,D23,Prime Sedan,3.96,250.45,Card
B1600,2024-01-01,16:43,Cancelled by Driver,C23,D41,Prime Sedan,16.86,316.5,Cash
B1601,2024-01-16,19:35,Cancelled by Customer,C39,D91,Bike,7.81,365.42,Cash
B1602,2024-01-29,8:37,Cancelled by Customer,C59,D184,Auto,18.34,137.42,Card
B1603,2024-01-07,15:56,Success,C6,D146,Auto,11.75,251.24,UPI
B1604,2024-01-05,21:53,Cancelled by Customer,C245,D96,Bike,4.47,423.42,Cash
B1605,2024-01-22,20:52,Cancelled by Customer,C243,D129,Mini,3.65,344.63,Card
B1606,2024-01-29,1:23,Success,C142,D69,Prime Sedan,11.95,235.04,UPI
B1607,2024-01-23,7:10,Cancelled by Customer,C126,D173,Prime Sedan,15.48,348.51,Card
B1608,2024-01-03,12:16,Success,C90,D77,Prime Sedan,15.85,103.2,Cash
B1609,2024-01-12,7:20,Success,C258,D65,Mini,6.24,230.67,UPI
B1610,2024-01-26,17:29,Cancelled by Customer,C191,D111,Prime Sedan,4.88,406.91,UPI
B1611,2024-01-16,17:45,Success,C292,D145,Prime Sedan,1.32,149.23,Card
B1612,2024-01-19,14:30,Success,C71,D34,Bike,13.9,133.68,UPI
B1613,2024-01-05,5:31,Success,C246,D29,Mini,2.45,477.87,Cash
B1614,2024-01-22,10:44,Success,C169,D130,Auto,8.99,144.45,Cash
B1615,2024-01-25,0:59,Cancelled by Driver,C155,D123,Bike,12.43,167.41,Cash
B1616,2024-01-29,5:40,Success,C36,D137,Bike,18.81,486.33,Card
B1617,2024-01-14,7:10,Success,C11,D66,Auto,6.92,380.62,UPI
B1618,2024-01-28,21:50,Cancelled by Customer,C298,D8,Bike,5.75,364.82,UPI
B1619,2024-01-05,23:40,Success,C146,D70,Mini,13.43,433.82,UPI
B1620,2024-01-15,16:11,Success,C241,D44,Prime Sedan,12.77,102.12,Cash
B1621,2024-01-17,13:31,Success,C204,D166,Mini,7.31,367.68,UPI
B1622,2024-01-30,14:15,Cancelled by Customer,C6,D178,Auto,18.63,276.66,Cash
B1623,2024-01-14,21:21,Success,C171,D155,Auto,17.05,423.12,UPI
B1624,2024-01-30,19:32,Success,C112,D176,Bike,5.26,278.66,Cash
B1625,2024-01-20,9:39,Success,C296,D175,Mini,5.54,329.11,UPI
B1626,2024-01-05,17:59,Success,C192,D37,Mini,10.73,264.98,Card
B1627,2024-01-12,0:01,Success,C298,D195,Auto,15.7,265.17,Card
B1628,2024-01-16,0:32,Success,C182,D67,Mini,1.84,395.59,Cash
B1629,2024-01-26,8:12,Success,C131,D46,Auto,14.17,332.85,Cash
B1630,2024-01-26,0:12,Cancelled by Customer,C53,D155,Mini,13.32,334.97,UPI
B1631,2024-01-16,19:25,Success,C76,D112,Mini,5.4,252.63,UPI
B1632,2024-01-21,21:38,Cancelled by Customer,C266,D125,Mini,13.95,289.0,Card
B1633,2024-01-07,1:37,Cancelled by Driver,C193,D24,Auto,18.86,385.57,UPI
B1634,2024-01-04,6:25,Cancelled by Customer,C112,D55,Bike,1.89,421.67,Cash
B1635,2024-01-01,13:57,Success,C149,D179,Mini,7.07,363.45,Cash
B1636,2024-01-30,17:14,Success,C90,D25,Auto,9.33,465.83,Cash
B1637,2024-01-30,1:41,Success,C185,D45,Auto,18.09,419.15,Cash
B1638,2024-01-05,22:43,Success,C58,D52,Mini,19.28,302.84,Cash
B1639,2024-01-23,16:39,Success,C229,D170,Mini,9.44,352.13,Card
B1640,2024-01-26,10:02,Cancelled by Driver,C225,D8,Bike,15.25,466.84,Card
B1641,2024-01-10,5:08,Cancelled by Customer,C83,D97,Auto,11.1,328.63,Cash
B1642,2024-01-22,5:08,Success,C33,D5,Auto,11.22,421.16,UPI
B1643,2024-01-05,6:30,Success,C230,D180,Prime Sedan,6.28,359.96,Cash
B1644,2024-01-04,8:49,Cancelled by Customer,C2,D28,Auto,5.12,298.37,Card
B1645,2024-01-02,11:07,Success,C97,D74,Bike,6.47,158.83,Cash
B1646,2024-01-20,7:49,Success,C158,D41,Prime Sedan,11.57,241.7,Card
B1647,2024-01-10,19:46,Cancelled by Customer,C255,D92,Prime Sedan,1.55,485.48,Card
B1648,2024-01-26,6:10,Success,C10,D151,Prime Sedan,18.24,345.99,Cash
B1649,2024-01-19,19:15,Success,C162,D25,Mini,3.97,303.98,Cash
B1650,2024-01-26,3:05,Success,C85,D81,Mini,5.18,469.83,UPI
B1651,2024-01-01,21:25,Cancelled by Customer,C120,D89,Auto,10.85,313.93,Card
B1652,2024-01-24,2:40,Success,C208,D1,Prime Sedan,14.49,286.74,UPI
B1653,2024-01-05,9:13,Success,C48,D64,Bike,2.82,391.69,Cash
B1654,2024-01-13,10:17,Success,C196,D186,Mini,7.04,370.7,Card
B1655,2024-01-04,21:11,Success,C86,D83,Bike,19.4,136.92,UPI
B1656,2024-01-16,22:11,Success,C15,D187,Bike,5.98,262.09,UPI
B1657,2024-01-24,12:24,Cancelled by Customer,C265,D89,Mini,6.95,262.63,UPI
B1658,2024-01-16,12:50,Success,C109,D187,Mini,16.89,220.2,Cash
B1659,2024-01-23,18:54,Cancelled by Customer,C85,D122,Mini,1.95,282.78,Cash
B1660,2024-01-02,13:35,Success,C65,D182,Mini,9.83,235.9,Cash
B1661,2024-01-17,12:07,Success,C274,D51,Prime Sedan,8.21,139.71,Card
B1662,2024-01-28,22:52,Success,C166,D167,Prime Sedan,7.02,235.56,Cash
B1663,2024-01-27,22:31,Success,C63,D108,Prime Sedan,6.43,82.52,Card
B1664,2024-01-20,18:43,Success,C87,D14,Prime Sedan,2.74,309.1,UPI
B1665,2024-01-24,17:05,Success,C17,D93,Auto,6.98,434.14,UPI
B1666,2024-01-12,17:18,Success,C110,D169,Prime Sedan,1.82,376.38,Cash
B1667,2024-01-18,21:36,Success,C139,D140,Mini,15.84,212.18,UPI
B1668,2024-01-03,23:40,Success,C223,D173,Bike,8.57,89.18,Cash
B1669,2024-01-28,2:27,Cancelled by Customer,C107,D7,Prime Sedan,9.43,140.97,Card
B1670,2024-01-01,9:50,Cancelled by Driver,C94,D86,Auto,17.98,295.47,UPI
B1671,2024-01-01,2:28,Success,C40,D153,Mini,13.5,143.18,Cash
B1672,2024-01-29,21:14,Success,C249,D43,Bike,1.15,294.79,UPI
B1673,2024-01-19,0:06,Success,C287,D122,Bike,18.92,154.22,UPI
B1674,2024-01-11,11:48,Success,C195,D52,Prime Sedan,5.51,432.02,Cash
B1675,2024-01-05,20:30,Success,C20,D48,Bike,3.04,228.77,UPI
B1676,2024-01-12,23:19,Cancelled by Customer,C169,D84,Prime Sedan,15.59,160.5,UPI
B1677,2024-01-03,4:03,Success,C246,D57,Prime Sedan,10.51,415.55,UPI
B1678,2024-01-01,11:19,Success,C181,D91,Mini,9.24,204.28,UPI
B1679,2024-01-01,23:49,Cancelled by Customer,C57,D89,Mini,5.74,100.17,Card
B1680,2024-01-08,16:50,Success,C197,D47,Auto,11.4,306.68,UPI
B1681,2024-01-10,8:35,Cancelled by Customer,C77,D197,Mini,6.21,311.7,UPI
B1682,2024-01-11,20:33,Success,C56,D172,Mini,18.13,371.61,Cash
B1683,2024-01-12,3:01,Success,C160,D32,Prime Sedan,5.09,158.1,Card
B1684,2024-01-29,14:33,Success,C224,D107,Mini,17.8,249.7,Cash
B1685,2024-01-13,3:05,Success,C102,D75,Prime Sedan,11.63,177.07,Cash
B1686,2024-01-12,6:41,Cancelled by Driver,C39,D26,Prime Sedan,16.74,86.43,Cash
B1687,2024-01-14,18:50,Success,C200,D159,Mini,14.54,444.48,Card
B1688,2024-01-02,21:11,Cancelled by Driver,C122,D109,Auto,14.24,377.99,Cash
B1689,2024-01-29,2:44,Success,C297,D123,Auto,7.16,185.66,Cash
B1690,2024-01-19,17:39,Success,C294,D64,Bike,5.44,319.72,Cash
B1691,2024-01-18,20:14,Success,C116,D169,Bike,5.01,140.57,UPI
B1692,2024-01-03,0:34,Success,C296,D169,Mini,17.29,450.61,Cash
B1693,2024-01-23,7:35,Cancelled by Driver,C83,D56,Auto,16.59,101.71,Card
B1694,2024-01-17,15:29,Success,C267,D67,Prime Sedan,9.37,51.73,Card
B1695,2024-01-26,22:41,Success,C229,D51,Bike,3.52,275.9,UPI
B1696,2024-01-08,11:13,Success,C37,D69,Prime Sedan,8.26,312.41,Card
B1697,2024-01-29,13:01,Success,C155,D70,Bike,12.77,310.53,Card
B1698,2024-01-26,22:36,Success,C225,D96,Mini,9.63,74.53,UPI
B1699,2024-01-10,4:37,Success,C285,D35,Auto,15.82,191.32,Cash
B1700,2024-01-26,12:40,Cancelled by Customer,C69,D63,Bike,19.95,274.64,UPI
B1701,2024-01-30,21:59,Success,C241,D35,Auto,4.63,147.46,Cash
B1702,2024-01-02,14:13,Success,C296,D33,Prime Sedan,9.73,442.68,Cash
B1703,2024-01-19,23:38,Success,C234,D180,Mini,9.19,89.2,Card
B1704,2024-01-09,19:01,Success,C251,D165,Auto,6.79,269.32,UPI
B1705,2024-01-07,6:05,Cancelled by Driver,C221,D144,Mini,4.76,361.14,Card
B1706,2024-01-04,16:58,Success,C127,D119,Auto,2.25,167.79,Card
B1707,2024-01-26,1:34,Success,C219,D43,Prime Sedan,17.86,330.91,Cash
B1708,2024-01-21,4:04,Success,C10,D135,Prime Sedan,8.98,423.22,Card
B1709,2024-01-18,0:39,Success,C237,D199,Mini,10.44,135.65,UPI
B1710,2024-01-13,11:55,Success,C274,D6,Prime Sedan,18.42,462.75,Card
B1711,2024-01-11,3:44,Cancelled by Driver,C28,D46,Bike,15.75,299.1,Card
B1712,2024-01-29,22:46,Cancelled by Customer,C67,D147,Auto,3.48,184.65,Cash
B1713,2024-01-24,10:09,Cancelled by Driver,C81,D108,Prime Sedan,11.74,243.89,UPI
B1714,2024-01-04,2:53,Success,C218,D83,Bike,9.4,190.49,Card
B1715,2024-01-25,13:15,Success,C127,D144,Mini,16.15,376.3,Cash
B1716,2024-01-21,9:28,Success,C244,D166,Bike,14.76,408.34,Card
B1717,2024-01-29,9:11,Success,C153,D115,Mini,14.12,424.82,UPI
B1718,2024-01-25,8:00,Cancelled by Customer,C139,D172,Mini,7.47,493.6,Card
B1719,2024-01-04,4:19,Success,C151,D158,Auto,16.29,406.08,Card
B1720,2024-01-10,7:42,Cancelled by Customer,C208,D155,Auto,2.0,320.62,Cash
B1721,2024-01-05,11:00,Cancelled by Customer,C79,D34,Bike,4.03,202.65,Card
B1722,2024-01-09,21:19,Success,C147,D102,Auto,7.38,295.07,Cash
B1723,2024-01-24,10:36,Success,C271,D70,Auto,2.46,68.48,UPI
B1724,2024-01-03,14:36,Success,C85,D183,Auto,5.46,385.17,Card
B1725,2024-01-17,11:36,Success,C60,D82,Bike,16.77,250.68,UPI
B1726,2024-01-03,16:48,Cancelled by Customer,C132,D122,Prime Sedan,19.02,59.01,UPI
B1727,2024-01-16,23:43,Success,C242,D107,Auto,6.79,78.13,Card
B1728,2024-01-04,23:27,Success,C242,D52,Auto,6.03,224.36,Cash
B1729,2024-01-18,14:14,Success,C154,D134,Bike,6.32,312.54,UPI
B1730,2024-01-17,5:43,Cancelled by Driver,C89,D101,Prime Sedan,6.28,258.89,UPI
B1731,2024-01-07,19:49,Success,C102,D20,Auto,1.68,328.64,Card
B1732,2024-01-24,13:01,Cancelled by Customer,C91,D113,Mini,18.61,266.13,Card
B1733,2024-01-23,8:36,Success,C144,D104,Bike,5.06,347.77,Card
B1734,2024-01-30,19:25,Cancelled by Customer,C143,D27,Auto,8.98,148.61,Card
B1735,2024-01-05,0:54,Cancelled by Customer,C31,D161,Auto,1.18,100.78,Card
B1736,2024-01-12,2:05,Success,C269,D187,Mini,17.3,318.4,Card
B1737,2024-01-17,4:52,Success,C27,D109,Mini,14.89,268.11,Cash
B1738,2024-01-23,4:32,Cancelled by Customer,C265,D35,Bike,18.99,62.09,UPI
B1739,2024-01-13,16:50,Success,C232,D103,Bike,15.85,221.22,Cash
B1740,2024-01-23,13:11,Cancelled by Customer,C19,D134,Mini,6.96,97.76,Cash
B1741,2024-01-25,9:19,Success,C147,D64,Bike,5.71,289.11,Card
B1742,2024-01-03,20:49,Cancelled by Customer,C71,D106,Mini,14.26,228.1,UPI
B1743,2024-01-09,23:58,Cancelled by Customer,C225,D91,Auto,7.92,325.92,Cash
B1744,2024-01-30,10:33,Cancelled by Driver,C40,D42,Mini,11.76,412.52,Card
B1745,2024-01-17,17:28,Success,C194,D40,Mini,1.12,184.85,Card
B1746,2024-01-17,6:30,Success,C233,D172,Prime Sedan,2.18,482.95,UPI
B1747,2024-01-30,23:46,Success,C61,D27,Mini,11.17,291.04,Cash
B1748,2024-01-20,10:49,Success,C216,D198,Mini,11.76,328.23,Cash
B1749,2024-01-16,22:43,Success,C161,D54,Prime Sedan,15.28,356.3,Cash
B1750,2024-01-25,5:19,Success,C241,D23,Bike,3.51,350.03,Card
B1751,2024-01-22,22:44,Cancelled by Customer,C200,D37,Prime Sedan,10.75,279.94,UPI
B1752,2024-01-13,19:15,Success,C260,D102,Auto,4.69,242.94,UPI
B1753,2024-01-27,17:41,Success,C1,D17,Prime Sedan,2.77,74.2,Cash
B1754,2024-01-19,22:07,Success,C227,D27,Auto,8.8,59.94,Card
B1755,2024-01-17,17:20,Success,C138,D185,Bike,4.1,211.08,Cash
B1756,2024-01-04,0:54,Success,C45,D29,Prime Sedan,5.21,200.15,UPI
B1757,2024-01-12,7:28,Cancelled by Driver,C249,D97,Prime Sedan,7.03,224.46,Card
B1758,2024-01-29,5:04,Cancelled by Driver,C112,D168,Bike,5.93,112.27,Cash
B1759,2024-01-09,14:21,Success,C173,D124,Auto,2.66,382.18,Cash
B1760,2024-01-19,14:33,Success,C141,D77,Prime Sedan,2.71,435.63,Card
B1761,2024-01-12,0:54,Cancelled by Customer,C162,D7,Auto,4.67,472.42,UPI
B1762,2024-01-09,22:25,Success,C35,D127,Prime Sedan,1.96,271.56,Card
B1763,2024-01-07,10:09,Success,C263,D44,Mini,12.9,365.39,Cash
B1764,2024-01-28,17:17,Success,C11,D159,Prime Sedan,6.46,435.0,Cash
B1765,2024-01-14,16:25,Success,C260,D89,Bike,6.32,238.23,Cash
B1766,2024-01-20,7:46,Success,C152,D171,Bike,7.31,189.24,Cash
B1767,2024-01-19,7:48,Success,C261,D8,Auto,13.59,471.53,UPI
B1768,2024-01-26,11:26,Success,C239,D168,Prime Sedan,17.54,282.05,UPI
B1769,2024-01-15,7:24,Cancelled by Driver,C136,D123,Auto,15.42,273.76,Cash
B1770,2024-01-16,13:03,Success,C62,D103,Auto,14.82,130.29,UPI
B1771,2024-01-21,0:00,Cancelled by Customer,C46,D129,Mini,10.2,98.67,UPI
B1772,2024-01-05,18:30,Cancelled by Customer,C275,D18,Mini,14.18,428.95,UPI
B1773,2024-01-03,15:13,Success,C162,D130,Bike,11.5,326.36,Cash
B1774,2024-01-12,20:47,Success,C51,D48,Auto,5.11,196.62,Card
B1775,2024-01-25,4:40,Success,C110,D131,Bike,4.96,136.28,Card
B1776,2024-01-20,1:49,Success,C160,D153,Prime Sedan,6.63,299.97,Card
B1777,2024-01-27,5:08,Cancelled by Customer,C104,D42,Auto,18.31,312.76,Cash
B1778,2024-01-21,0:40,Success,C91,D114,Auto,11.4,143.15,UPI
B1779,2024-01-04,15:12,Cancelled by Driver,C184,D149,Prime Sedan,14.94,433.13,UPI
B1780,2024-01-21,8:52,Success,C152,D137,Prime Sedan,7.58,87.92,Cash
B1781,2024-01-23,12:30,Success,C96,D22,Bike,8.75,210.24,Cash
B1782,2024-01-16,8:10,Success,C248,D128,Bike,3.39,356.17,Card
B1783,2024-01-25,3:33,Success,C250,D138,Prime Sedan,4.25,173.35,Card
B1784,2024-01-07,5:45,Success,C115,D14,Bike,16.72,422.45,Cash
B1785,2024-01-13,3:37,Success,C20,D72,Prime Sedan,12.11,382.94,Card
B1786,2024-01-21,18:05,Success,C214,D72,Auto,7.41,405.06,UPI
B1787,2024-01-10,1:17,Success,C226,D19,Auto,16.25,103.6,Cash
B1788,2024-01-26,12:40,Cancelled by Driver,C79,D51,Mini,5.68,113.25,Cash
B1789,2024-01-07,22:18,Success,C287,D66,Auto,19.54,178.91,UPI
B1790,2024-01-14,12:10,Cancelled by Customer,C260,D88,Prime Sedan,7.55,283.13,UPI
B1791,2024-01-26,0:23,Cancelled by Customer,C266,D142,Bike,7.41,386.61,UPI
B1792,2024-01-05,21:06,Cancelled by Driver,C276,D167,Mini,6.93,426.44,Card
B1793,2024-01-03,20:14,Success,C135,D131,Bike,3.32,366.95,Cash
B1794,2024-01-23,0:11,Cancelled by Customer,C99,D131,Prime Sedan,3.11,467.87,Card
B1795,2024-01-29,6:14,Success,C194,D189,Auto,13.31,382.43,UPI
B1796,2024-01-11,20:18,Success,C41,D144,Mini,17.63,187.82,Card
B1797,2024-01-11,0:48,Success,C50,D157,Prime Sedan,16.02,169.29,UPI
B1798,2024-01-18,16:34,Cancelled by Customer,C146,D9,Mini,3.68,363.29,Card
B1799,2024-01-15,11:37,Success,C84,D37,Mini,11.37,136.79,Card
B1800,2024-01-12,10:34,Cancelled by Customer,C184,D18,Auto,3.01,91.72,UPI
B1801,2024-01-09,7:45,Success,C19,D118,Prime Sedan,1.86,289.5,Card
B1802,2024-01-10,13:09,Cancelled by Customer,C191,D20,Bike,13.47,419.74,Cash
B1803,2024-01-26,1:45,Cancelled by Driver,C179,D6,Mini,11.17,95.62,Card
B1804,2024-01-12,8:02,Success,C250,D86,Mini,2.56,406.35,Card
B1805,2024-01-17,20:25,Cancelled by Driver,C255,D176,Bike,1.66,415.21,Cash
B1806,2024-01-29,7:47,Success,C55,D120,Prime Sedan,19.81,267.02,UPI
B1807,2024-01-06,1:05,Success,C157,D188,Mini,1.57,75.79,Cash
B1808,2024-01-07,20:28,Success,C34,D17,Mini,9.45,128.57,Card
B1809,2024-01-14,11:04,Success,C266,D46,Mini,10.59,368.34,UPI
B1810,2024-01-13,1:47,Success,C108,D38,Prime Sedan,3.23,370.3,Card
B1811,2024-01-08,4:14,Success,C27,D13,Prime Sedan,4.21,454.26,Card
B1812,2024-01-10,11:35,Success,C86,D161,Bike,7.68,312.21,Cash
B1813,2024-01-09,14:42,Cancelled by Driver,C134,D59,Prime Sedan,15.47,105.85,Cash
B1814,2024-01-18,15:22,Cancelled by Customer,C225,D52,Prime Sedan,10.63,104.64,UPI
B1815,2024-01-27,5:45,Cancelled by Customer,C220,D171,Auto,13.12,374.51,UPI
B1816,2024-01-26,17:43,Cancelled by Customer,C169,D80,Bike,19.72,132.7,UPI
B1817,2024-01-02,10:44,Cancelled by Customer,C255,D143,Mini,15.59,197.77,Card
B1818,2024-01-05,20:22,Success,C283,D181,Prime Sedan,9.25,269.25,Cash
B1819,2024-01-29,10:54,Success,C44,D122,Mini,9.48,61.14,Cash
B1820,2024-01-05,15:46,Cancelled by Customer,C148,D7,Mini,12.76,161.97,Cash
B1821,2024-01-06,20:59,Success,C208,D73,Auto,13.64,233.55,UPI
B1822,2024-01-19,14:24,Success,C55,D200,Prime Sedan,10.51,175.84,Cash
B1823,2024-01-08,3:10,Success,C120,D1,Bike,13.25,111.37,Cash
B1824,2024-01-16,18:14,Success,C252,D171,Prime Sedan,1.45,377.61,Cash
B1825,2024-01-13,3:20,Success,C296,D87,Mini,9.16,415.92,UPI
B1826,2024-01-01,12:21,Success,C169,D139,Bike,6.3,165.87,Cash
B1827,2024-01-22,18:33,Success,C190,D137,Prime Sedan,3.45,398.49,UPI
B1828,2024-01-20,13:03,Success,C31,D128,Mini,2.89,223.5,Cash
B1829,2024-01-17,15:52,Success,C147,D134,Mini,12.46,278.01,Cash
B1830,2024-01-07,19:45,Success,C92,D133,Auto,10.95,435.2,Cash
B1831,2024-01-25,14:27,Cancelled by Customer,C286,D55,Auto,5.82,387.48,UPI
B1832,2024-01-13,2:07,Success,C196,D40,Auto,9.95,412.3,UPI
B1833,2024-01-04,15:41,Success,C189,D200,Mini,10.35,111.58,Cash
B1834,2024-01-04,3:29,Cancelled by Customer,C178,D122,Prime Sedan,4.71,81.37,Card
B1835,2024-01-06,17:01,Success,C114,D136,Auto,13.39,452.03,UPI
B1836,2024-01-28,16:12,Success,C143,D43,Prime Sedan,15.84,224.53,UPI
B1837,2024-01-19,3:25,Success,C266,D164,Auto,16.04,179.55,Cash
B1838,2024-01-29,10:06,Cancelled by Customer,C121,D41,Bike,12.45,376.11,Card
B1839,2024-01-12,11:09,Success,C91,D63,Bike,10.72,426.39,Cash
B1840,2024-01-22,6:12,Success,C196,D134,Auto,2.16,438.12,UPI
B1841,2024-01-07,6:55,Cancelled by Customer,C16,D131,Mini,6.47,192.2,UPI
B1842,2024-01-27,16:41,Success,C7,D38,Auto,2.77,433.5,Cash
B1843,2024-01-10,9:55,Success,C44,D105,Auto,19.31,68.42,Cash
B1844,2024-01-26,3:19,Success,C68,D114,Mini,3.57,72.35,Card
B1845,2024-01-19,3:53,Success,C52,D26,Bike,3.88,330.58,Card
B1846,2024-01-07,6:53,Success,C17,D130,Prime Sedan,17.9,78.4,UPI
B1847,2024-01-30,0:43,Success,C237,D75,Auto,18.93,196.07,Card
B1848,2024-01-03,23:44,Cancelled by Customer,C124,D131,Mini,15.55,352.74,Card
B1849,2024-01-13,9:46,Success,C27,D63,Auto,1.1,201.77,UPI
B1850,2024-01-13,12:54,Success,C124,D97,Mini,1.03,130.82,UPI
B1851,2024-01-18,21:53,Success,C1,D72,Prime Sedan,8.18,176.61,UPI
B1852,2024-01-28,20:21,Success,C123,D6,Prime Sedan,3.72,255.91,UPI
B1853,2024-01-30,8:25,Success,C152,D114,Bike,1.35,263.92,Cash
B1854,2024-01-26,8:14,Cancelled by Customer,C296,D130,Mini,9.82,402.35,UPI
B1855,2024-01-20,9:23,Success,C62,D79,Mini,18.92,387.57,UPI
B1856,2024-01-28,9:07,Cancelled by Customer,C283,D26,Bike,7.15,255.57,UPI
B1857,2024-01-08,23:15,Cancelled by Customer,C111,D22,Bike,13.56,430.55,Card
B1858,2024-01-29,16:25,Success,C67,D126,Mini,13.39,101.41,UPI
B1859,2024-01-09,4:03,Cancelled by Customer,C291,D128,Bike,5.77,164.91,Cash
B1860,2024-01-07,17:23,Success,C192,D177,Prime Sedan,13.36,422.59,Cash
B1861,2024-01-01,18:35,Success,C155,D58,Auto,5.03,220.1,UPI
B1862,2024-01-03,6:09,Success,C246,D157,Prime Sedan,3.32,491.53,Cash
B1863,2024-01-13,17:18,Success,C18,D109,Bike,14.33,259.81,Card
B1864,2024-01-28,3:09,Success,C273,D52,Mini,3.16,406.37,UPI
B1865,2024-01-30,0:54,Success,C273,D9,Mini,19.94,231.04,Cash
B1866,2024-01-25,17:04,Success,C149,D77,Prime Sedan,4.49,241.23,Cash
B1867,2024-01-28,14:48,Success,C228,D93,Mini,12.29,222.3,UPI
B1868,2024-01-17,2:43,Success,C85,D181,Bike,8.82,373.58,Cash
B1869,2024-01-25,1:32,Cancelled by Driver,C278,D95,Prime Sedan,3.4,296.38,UPI
B1870,2024-01-24,22:20,Cancelled by Customer,C151,D45,Mini,1.53,474.7,Cash
B1871,2024-01-01,16:21,Success,C160,D35,Auto,12.83,162.9,Card
B1872,2024-01-06,15:36,Success,C280,D1,Auto,16.33,95.25,Cash
B1873,2024-01-21,14:34,Cancelled by Customer,C293,D187,Bike,17.0,226.97,Cash
B1874,2024-01-06,6:31,Cancelled by Customer,C4,D155,Mini,10.17,327.52,UPI
B1875,2024-01-26,10:09,Cancelled by Customer,C3,D97,Bike,15.77,437.36,Cash
B1876,2024-01-12,8:13,Success,C174,D97,Prime Sedan,13.78,205.79,UPI
B1877,2024-01-13,12:56,Success,C19,D170,Auto,14.76,344.2,Card
B1878,2024-01-13,1:34,Success,C273,D175,Prime Sedan,10.36,207.59,UPI
B1879,2024-01-29,6:20,Success,C224,D174,Mini,13.03,327.75,UPI
B1880,2024-01-15,17:02,Cancelled by Customer,C88,D161,Bike,16.3,448.16,Cash
B1881,2024-01-21,9:53,Cancelled by Customer,C77,D113,Bike,8.56,154.11,Card
B1882,2024-01-16,6:40,Success,C90,D152,Bike,16.31,231.91,UPI
B1883,2024-01-22,16:10,Cancelled by Customer,C177,D38,Prime Sedan,12.25,496.97,Cash
B1884,2024-01-21,6:23,Success,C175,D132,Auto,4.15,440.85,Cash
B1885,2024-01-11,13:18,Success,C85,D19,Prime Sedan,1.47,304.09,UPI
B1886,2024-01-28,3:25,Success,C94,D81,Prime Sedan,7.89,282.48,Cash
B1887,2024-01-05,5:41,Cancelled by Driver,C187,D8,Mini,11.39,178.07,UPI
B1888,2024-01-04,6:44,Success,C98,D169,Mini,16.96,282.74,UPI
B1889,2024-01-03,13:35,Cancelled by Driver,C38,D146,Mini,3.42,431.68,UPI
B1890,2024-01-19,7:36,Cancelled by Customer,C55,D50,Auto,16.2,358.33,Card
B1891,2024-01-20,0:35,Success,C128,D155,Auto,17.4,180.52,UPI
B1892,2024-01-25,2:08,Success,C101,D132,Mini,3.86,140.66,Cash
B1893,2024-01-18,7:32,Cancelled by Customer,C98,D17,Mini,17.18,169.34,Card
B1894,2024-01-15,5:40,Success,C162,D63,Auto,19.84,126.39,Cash
B1895,2024-01-09,6:03,Cancelled by Driver,C277,D122,Bike,14.81,93.04,Card
B1896,2024-01-17,12:48,Cancelled by Driver,C76,D84,Auto,15.91,238.61,Card
B1897,2024-01-14,1:59,Success,C218,D32,Auto,19.89,100.98,Card
B1898,2024-01-15,4:43,Success,C103,D138,Auto,12.5,127.36,Card
B1899,2024-01-01,20:07,Cancelled by Driver,C38,D176,Mini,6.85,296.3,Cash
B1900,2024-01-21,5:07,Success,C146,D148,Bike,16.91,124.07,UPI
B1901,2024-01-22,17:02,Success,C205,D87,Auto,12.68,78.75,Cash
B1902,2024-01-22,21:43,Success,C134,D59,Mini,12.04,192.82,UPI
B1903,2024-01-03,2:21,Success,C178,D92,Prime Sedan,5.82,149.14,Cash
B1904,2024-01-16,5:01,Cancelled by Driver,C78,D122,Prime Sedan,15.37,281.89,Card
B1905,2024-01-23,22:43,Cancelled by Customer,C266,D32,Auto,2.55,96.07,Card
B1906,2024-01-25,1:37,Success,C4,D156,Prime Sedan,18.56,388.3,UPI
B1907,2024-01-11,16:34,Success,C95,D158,Bike,7.19,457.81,UPI
B1908,2024-01-12,1:22,Success,C100,D61,Prime Sedan,3.43,384.55,Cash
B1909,2024-01-10,19:07,Cancelled by Customer,C240,D85,Prime Sedan,9.4,289.77,UPI
B1910,2024-01-16,21:43,Success,C49,D7,Bike,1.81,437.3,Cash
B1911,2024-01-08,3:04,Success,C22,D11,Auto,14.01,362.71,UPI
B1912,2024-01-06,12:28,Success,C94,D14,Auto,18.15,54.75,UPI
B1913,2024-01-12,14:56,Success,C295,D2,Bike,16.91,227.34,UPI
B1914,2024-01-24,22:15,Cancelled by Driver,C19,D14,Bike,3.42,432.93,Card
B1915,2024-01-28,9:29,Success,C16,D16,Bike,3.4,205.64,Card
B1916,2024-01-21,22:15,Success,C68,D94,Prime Sedan,16.46,65.85,Cash
B1917,2024-01-08,11:16,Success,C169,D78,Bike,18.56,385.78,UPI
B1918,2024-01-26,15:11,Cancelled by Driver,C117,D22,Mini,9.75,410.92,Cash
B1919,2024-01-28,7:19,Success,C50,D200,Prime Sedan,10.48,122.27,UPI
B1920,2024-01-04,2:15,Success,C290,D133,Auto,7.05,291.8,Card
B1921,2024-01-26,12:22,Success,C72,D43,Auto,17.99,136.38,Card
B1922,2024-01-08,18:39,Cancelled by Customer,C221,D101,Auto,13.25,373.66,UPI
B1923,2024-01-26,21:04,Success,C289,D96,Prime Sedan,6.48,172.2,UPI
B1924,2024-01-28,19:39,Success,C251,D167,Mini,6.68,192.3,Card
B1925,2024-01-18,23:43,Success,C280,D54,Bike,17.93,430.24,Card
B1926,2024-01-28,0:56,Cancelled by Customer,C197,D166,Bike,1.26,264.35,Cash
B1927,2024-01-28,20:19,Success,C125,D159,Auto,7.13,351.39,Card
B1928,2024-01-05,5:21,Cancelled by Customer,C245,D106,Auto,11.53,231.07,UPI
B1929,2024-01-09,17:07,Success,C251,D18,Prime Sedan,3.82,184.1,Cash
B1930,2024-01-04,6:31,Success,C188,D183,Mini,2.75,331.47,UPI
B1931,2024-01-27,0:52,Success,C48,D63,Bike,16.49,119.69,Cash
B1932,2024-01-22,15:11,Cancelled by Customer,C29,D47,Prime Sedan,17.99,217.85,UPI
B1933,2024-01-17,5:51,Success,C92,D137,Bike,16.65,144.07,Card
B1934,2024-01-09,1:13,Cancelled by Customer,C231,D156,Auto,18.08,363.11,UPI
B1935,2024-01-01,3:32,Cancelled by Customer,C76,D72,Bike,11.51,474.89,Cash
B1936,2024-01-21,22:49,Success,C168,D191,Mini,16.43,497.98,UPI
B1937,2024-01-20,12:01,Cancelled by Customer,C266,D52,Mini,8.3,252.62,Cash
B1938,2024-01-13,8:20,Cancelled by Customer,C108,D189,Auto,13.66,163.64,UPI
B1939,2024-01-28,1:26,Success,C55,D59,Mini,19.79,249.27,Card
B1940,2024-01-16,8:00,Success,C204,D189,Mini,5.29,431.27,Card
B1941,2024-01-29,10:02,Cancelled by Driver,C157,D2,Prime Sedan,8.41,142.7,UPI
B1942,2024-01-13,19:22,Success,C11,D7,Bike,10.12,478.44,UPI
B1943,2024-01-14,3:17,Cancelled by Customer,C286,D35,Auto,3.62,203.84,UPI
B1944,2024-01-03,22:05,Cancelled by Driver,C243,D19,Auto,2.54,493.61,Cash
B1945,2024-01-29,2:21,Success,C181,D164,Auto,16.76,427.37,UPI
B1946,2024-01-06,10:14,Success,C7,D31,Auto,19.56,413.86,UPI
B1947,2024-01-18,21:59,Success,C196,D114,Auto,8.69,193.06,Cash
B1948,2024-01-19,4:51,Success,C66,D166,Mini,2.67,53.95,Card
B1949,2024-01-05,9:11,Success,C42,D82,Prime Sedan,2.25,221.96,UPI
B1950,2024-01-15,14:48,Success,C26,D139,Auto,17.94,185.81,UPI
B1951,2024-01-25,9:37,Success,C90,D132,Prime Sedan,9.81,66.83,Card
B1952,2024-01-02,17:44,Cancelled by Customer,C165,D93,Prime Sedan,7.08,277.41,Card
B1953,2024-01-10,2:29,Cancelled by Customer,C222,D167,Mini,10.05,231.36,Cash
B1954,2024-01-24,23:41,Success,C10,D32,Auto,7.05,335.55,UPI
B1955,2024-01-30,13:05,Success,C299,D119,Mini,10.29,329.53,UPI
B1956,2024-01-18,2:15,Success,C265,D177,Auto,17.33,104.34,Cash
B1957,2024-01-27,6:51,Success,C116,D170,Mini,12.25,489.63,Card
B1958,2024-01-13,13:08,Cancelled by Driver,C279,D98,Prime Sedan,14.2,134.12,Cash
B1959,2024-01-05,14:20,Cancelled by Customer,C214,D132,Auto,7.93,250.37,Card
B1960,2024-01-23,2:01,Cancelled by Customer,C174,D32,Bike,15.03,269.65,Cash
B1961,2024-01-24,1:34,Cancelled by Driver,C201,D13,Prime Sedan,13.67,415.88,Card
B1962,2024-01-01,17:13,Success,C267,D108,Bike,3.27,94.65,Cash
B1963,2024-01-22,19:17,Cancelled by Customer,C176,D142,Prime Sedan,11.88,242.89,Card
B1964,2024-01-01,9:24,Success,C276,D47,Mini,5.88,332.83,Card
B1965,2024-01-18,1:24,Cancelled by Driver,C290,D135,Auto,16.28,146.82,Card
B1966,2024-01-15,21:32,Success,C30,D91,Prime Sedan,9.09,332.36,Card
B1967,2024-01-17,3:30,Cancelled by Customer,C75,D157,Mini,19.9,465.65,Card
B1968,2024-01-11,13:00,Cancelled by Customer,C185,D81,Auto,2.76,498.88,UPI
B1969,2024-01-21,13:15,Success,C191,D134,Auto,15.83,64.6,Card
B1970,2024-01-26,21:45,Success,C157,D63,Prime Sedan,13.8,156.01,UPI
B1971,2024-01-25,19:02,Cancelled by Customer,C180,D95,Auto,15.58,189.64,Card
B1972,2024-01-22,2:40,Success,C10,D27,Prime Sedan,6.84,229.61,UPI
B1973,2024-01-27,5:24,Success,C200,D3,Auto,10.35,159.02,UPI
B1974,2024-01-27,12:52,Success,C90,D46,Bike,16.13,141.57,Cash
B1975,2024-01-17,1:07,Success,C165,D31,Mini,5.42,479.55,Card
B1976,2024-01-13,20:33,Cancelled by Customer,C25,D10,Bike,5.29,463.33,Cash
B1977,2024-01-01,3:24,Success,C179,D14,Prime Sedan,11.47,71.15,Cash
B1978,2024-01-02,14:03,Success,C172,D199,Bike,10.95,202.47,Card
B1979,2024-01-09,12:59,Success,C272,D193,Prime Sedan,6.36,232.32,Cash
B1980,2024-01-03,11:31,Success,C268,D148,Auto,6.66,157.56,Card
B1981,2024-01-01,12:30,Success,C238,D185,Auto,6.28,332.99,Cash
B1982,2024-01-21,13:19,Success,C67,D87,Prime Sedan,15.66,338.17,Card
B1983,2024-01-16,17:28,Success,C222,D130,Bike,13.39,432.73,Card
B1984,2024-01-23,5:31,Success,C90,D41,Auto,16.82,383.39,Card
B1985,2024-01-06,10:01,Cancelled by Customer,C90,D84,Mini,19.53,294.16,UPI
B1986,2024-01-28,22:18,Success,C151,D200,Auto,10.01,344.11,Cash
B1987,2024-01-17,18:04,Success,C38,D17,Mini,2.27,173.29,UPI
B1988,2024-01-05,18:33,Success,C157,D19,Bike,1.91,316.88,Cash
B1989,2024-01-05,9:24,Success,C40,D7,Mini,6.62,270.15,Cash
B1990,2024-01-06,1:10,Success,C118,D110,Mini,18.72,110.01,Cash
B1991,2024-01-03,17:30,Success,C63,D145,Mini,10.94,159.14,UPI
B1992,2024-01-21,23:14,Cancelled by Customer,C20,D25,Mini,6.16,181.26,Cash
B1993,2024-01-23,8:22,Success,C187,D64,Auto,8.58,465.94,UPI
B1994,2024-01-05,18:08,Success,C32,D113,Mini,12.37,153.67,Card
B1995,2024-01-21,2:20,Cancelled by Customer,C53,D50,Auto,13.41,180.16,Cash
B1996,2024-01-05,8:27,Success,C15,D18,Mini,3.92,216.21,Cash
B1997,2024-01-10,13:50,Success,C291,D200,Prime Sedan,19.56,348.68,Card
B1998,2024-01-10,6:15,Success,C100,D39,Bike,11.35,103.21,Card
B1999,2024-01-19,15:59,Success,C222,D64,Mini,3.58,479.28,Cash
